distance_km,weight_kg,volume_l,urgency,hour,day_of_week,demand_score,price
19.29,14.9,51.6,same_day,18,2,1.27,764.85
25.86,16.4,30.7,same_day,20,4,1.31,929.35
13.0,0.9,59.4,same_day,16,6,1.0,419.33
44.78,17.5,65.0,normal,1,1,1.19,751.85
13.07,5.4,11.4,express,20,6,1.27,391.19
25.18,13.9,25.2,express,23,2,0.83,453.53
6.89,6.4,12.8,express,19,6,1.23,263.65
12.46,21.8,42.7,normal,6,5,0.6,165.1
27.67,17.3,35.1,same_day,21,5,1.29,998.51
20.92,9.8,71.5,normal,18,1,1.15,420.32
9.27,12.5,75.8,same_day,0,2,0.68,270.92
4.42,15.6,11.1,same_day,12,1,0.66,163.83
17.29,6.9,35.8,express,9,5,1.43,575.5
35.46,11.8,51.8,same_day,22,1,1.28,1255.19
14.35,0.6,37.0,same_day,17,2,1.36,602.39
4.1,10.4,72.7,normal,12,1,0.87,133.86
9.66,17.2,36.5,express,5,2,0.87,255.36
38.94,15.4,36.8,express,6,0,0.75,575.3
38.48,16.3,23.0,express,5,5,1.48,1193.26
1.97,4.8,38.5,normal,1,4,1.15,115.69
12.56,11.9,15.1,same_day,0,5,1.1,449.45
34.13,5.3,78.4,express,10,0,1.08,789.93
13.9,16.0,15.2,same_day,17,3,0.88,409.53
18.83,22.6,14.8,same_day,7,4,0.97,595.25
43.06,16.6,43.6,same_day,15,0,0.83,883.47
5.04,20.7,56.9,normal,4,1,1.19,224.91
20.71,7.2,58.5,normal,7,1,0.7,231.34
35.67,16.5,29.5,express,8,2,1.19,837.29
10.29,19.1,29.5,express,15,5,0.87,276.76
9.41,5.4,75.2,normal,3,4,1.01,203.92
41.2,18.2,44.0,express,14,2,0.9,780.61
40.25,7.6,5.6,normal,15,4,1.08,568.01
38.87,8.1,33.4,normal,6,4,0.84,466.11
24.29,20.9,4.8,express,2,4,1.36,727.82
9.05,17.0,14.8,same_day,13,0,0.91,327.14
1.76,0.7,77.4,same_day,20,2,0.52,106.82
29.33,22.8,49.5,same_day,6,6,1.39,1173.58
10.45,6.7,50.1,same_day,11,2,1.33,499.65
36.33,7.1,45.8,express,3,4,0.99,699.49
42.58,14.9,46.6,express,7,3,0.51,430.67
6.26,18.5,50.1,same_day,11,6,0.87,287.17
7.13,13.9,65.5,same_day,13,4,1.24,431.71
37.42,9.2,34.5,express,13,6,1.43,1104.34
39.67,7.7,53.3,normal,6,1,1.41,803.77
9.12,14.9,4.7,express,1,2,0.58,148.21
3.05,23.9,7.0,express,20,4,1.01,189.7
9.78,10.6,42.0,express,20,3,1.23,360.94
36.54,11.4,37.6,same_day,9,2,0.94,900.93
35.4,23.8,35.0,normal,0,2,1.35,714.91
23.1,6.9,68.2,normal,6,0,1.38,498.98
26.48,22.8,41.9,express,9,5,0.78,490.84
40.62,0.5,3.0,normal,8,0,0.52,287.06
7.82,22.9,27.3,express,18,2,0.82,229.03
29.94,4.6,9.4,express,8,5,0.89,503.94
35.66,10.2,69.3,express,22,0,1.09,812.16
36.81,2.2,61.6,normal,8,1,1.29,683.0
8.98,9.2,7.9,same_day,8,3,0.5,168.18
30.55,3.7,65.3,same_day,18,4,1.27,1012.68
26.69,18.1,78.9,express,19,2,1.32,859.61
20.88,0.9,54.4,normal,4,6,1.47,506.05
2.36,14.8,36.1,express,2,2,1.09,188.57
7.07,3.2,9.1,express,2,1,1.1,219.25
14.09,21.8,53.8,normal,21,4,0.62,172.17
33.91,18.1,74.6,express,8,0,1.45,1126.0
3.76,0.9,41.9,same_day,10,6,0.93,198.46
10.77,4.0,66.4,same_day,17,3,0.51,210.44
20.64,24.4,38.0,same_day,13,5,1.29,885.2
32.67,17.3,70.4,normal,19,2,1.16,565.47
33.04,1.5,19.7,normal,18,6,0.55,241.6
12.95,14.1,31.7,same_day,16,0,0.71,316.42
37.37,22.8,72.6,same_day,23,6,1.2,1230.34
36.02,17.7,78.9,same_day,19,2,0.55,541.27
3.45,1.2,41.3,same_day,16,3,0.52,107.12
42.29,14.6,7.3,normal,20,3,1.32,781.46
9.77,2.1,61.3,same_day,20,2,0.91,344.65
41.54,15.4,63.5,normal,21,4,1.43,898.99
24.04,10.1,73.8,same_day,2,0,1.36,986.44
23.26,18.1,29.7,express,6,3,1.46,801.6
5.82,8.3,67.5,express,13,5,1.33,311.28
23.85,21.8,1.8,same_day,19,3,0.83,540.76
22.66,14.2,48.2,normal,0,4,0.57,222.97
23.94,13.6,75.7,express,2,0,1.05,575.82
30.07,13.8,6.0,same_day,10,2,1.03,808.16
21.3,5.7,48.5,express,21,3,1.5,749.69
35.92,17.6,45.4,same_day,20,3,1.05,997.5
33.65,19.7,28.2,express,7,3,1.39,1019.48
3.1,10.7,42.6,same_day,1,5,0.72,162.13
34.88,14.5,69.0,express,11,4,1.05,778.25
4.2,14.6,28.4,normal,15,2,1.21,173.66
32.74,10.9,66.9,normal,8,1,1.38,661.73
39.63,12.3,8.1,same_day,13,5,1.3,1358.52
31.33,10.3,74.7,normal,20,2,0.96,486.82
41.56,4.6,53.0,same_day,7,3,1.31,1334.0
2.25,5.1,63.7,same_day,23,2,1.26,273.37
16.48,12.8,49.3,normal,8,2,1.38,404.06
19.05,10.8,8.6,same_day,15,2,1.36,743.93
29.15,5.2,46.8,express,1,3,0.51,312.53
4.76,22.0,60.2,normal,6,4,1.09,192.3
6.4,11.6,3.9,express,9,3,0.74,150.54
40.19,10.7,54.6,normal,3,1,0.59,334.81
30.55,21.7,69.0,same_day,19,1,0.54,473.26
7.69,4.4,21.3,express,4,0,0.9,206.7
32.16,18.3,2.3,same_day,11,4,1.5,1268.04
26.37,14.8,58.3,normal,19,4,0.78,318.61
23.78,8.6,74.7,express,4,4,0.67,359.77
32.7,4.4,7.8,normal,18,3,1.4,632.43
2.76,23.6,64.3,normal,1,5,0.75,127.32
19.69,10.0,35.0,normal,5,5,0.7,227.27
30.29,8.3,11.6,express,12,4,1.25,772.78
44.45,16.5,23.1,express,16,2,1.17,1044.83
5.05,3.8,74.3,normal,2,4,0.82,127.01
24.83,19.2,20.7,same_day,11,0,1.11,774.16
16.48,15.0,58.3,normal,17,3,0.8,237.37
31.68,10.0,25.4,normal,17,4,0.72,331.93
28.95,9.0,68.1,express,14,1,0.63,410.59
11.5,11.7,25.7,normal,22,4,1.15,248.77
15.56,17.6,64.2,express,17,3,1.42,583.06
33.16,23.2,62.9,same_day,11,3,0.6,541.83
27.4,24.1,11.1,same_day,13,5,0.77,608.9
29.56,6.5,78.1,express,14,6,0.99,644.17
35.74,21.6,64.6,normal,17,1,0.69,374.96
14.07,8.0,52.2,express,13,3,0.71,252.38
8.18,23.6,77.6,normal,11,4,1.34,312.29
8.93,19.8,15.8,express,7,6,1.32,369.21
17.71,3.5,66.7,same_day,4,1,0.72,379.44
21.7,1.1,76.7,same_day,21,0,1.22,767.87
23.65,2.0,31.6,express,10,2,0.81,388.72
30.37,24.6,51.6,normal,1,2,0.75,371.27
37.22,15.1,18.0,express,14,0,0.63,479.34
10.19,16.4,72.2,express,4,6,1.34,431.3
34.37,10.2,59.9,normal,16,4,1.1,542.29
15.37,3.7,3.3,normal,23,0,0.75,182.35
28.09,17.2,75.3,same_day,12,2,0.54,468.16
34.78,22.2,12.1,express,12,0,1.12,781.42
4.93,16.4,30.4,express,15,4,0.81,186.7
10.73,11.0,28.7,same_day,4,4,0.83,331.98
21.77,10.1,26.9,express,21,5,1.42,671.21
14.05,2.1,49.8,same_day,16,6,1.07,486.86
22.49,7.7,59.8,express,16,1,0.76,374.62
27.4,1.3,41.3,express,10,5,0.61,337.41
1.52,8.0,78.5,same_day,4,2,1.18,251.61
14.74,18.5,21.6,same_day,17,0,1.27,648.09
14.15,7.2,20.5,express,20,2,1.07,354.68
1.67,4.8,43.2,normal,12,6,1.06,106.52
21.65,22.2,23.0,same_day,3,1,0.95,595.6
22.28,13.8,59.0,express,4,0,0.58,296.58
44.3,8.4,58.0,express,6,3,0.93,803.58
13.72,2.4,38.4,normal,9,1,0.89,201.9
22.12,14.9,54.0,normal,2,0,1.14,431.22
11.92,15.4,71.0,express,11,2,0.84,311.89
14.4,21.6,17.5,same_day,8,2,1.28,657.83
15.68,7.0,19.7,express,13,6,1.28,484.15
36.87,6.7,48.7,express,5,1,1.45,1103.04
10.0,19.1,66.5,same_day,2,0,1.04,434.93
24.64,0.7,73.5,normal,20,3,1.24,452.96
14.21,4.4,65.7,express,20,3,0.8,290.0
30.19,12.8,43.7,normal,23,4,0.92,423.34
35.86,24.7,38.7,express,7,1,0.79,590.44
14.73,0.8,50.1,express,2,4,0.86,298.06
15.7,7.4,49.0,same_day,20,5,0.98,473.74
7.85,19.2,14.0,express,8,2,0.52,139.77
40.38,5.7,75.5,express,2,3,0.99,820.52
15.87,3.6,14.9,same_day,19,2,1.22,544.02
1.13,14.9,26.4,express,11,6,1.04,159.27
31.62,20.3,37.2,same_day,0,2,0.51,459.02
23.07,20.3,78.5,normal,18,2,0.65,266.48
17.32,23.8,23.5,normal,9,0,0.85,259.39
10.34,13.1,1.6,express,15,0,1.07,314.81
24.06,20.8,6.7,same_day,16,2,1.08,767.2
25.51,2.1,13.4,same_day,11,6,0.94,636.83
27.68,16.5,33.8,normal,23,2,0.73,300.09
19.31,5.6,67.5,same_day,12,4,0.98,575.31
44.73,4.5,13.9,normal,16,3,0.6,379.23
32.69,10.1,64.2,same_day,9,1,1.08,1009.49
16.2,14.1,30.4,normal,8,3,0.97,274.78
31.59,2.2,1.0,normal,8,2,1.47,610.0
35.72,22.5,67.1,express,16,0,1.01,824.6
31.84,10.8,17.3,express,5,6,0.54,336.1
11.02,4.7,14.9,express,7,5,1.06,294.21
15.19,2.7,62.0,same_day,10,6,1.35,638.6
6.71,4.7,54.9,express,20,0,1.27,300.74
32.01,9.8,44.6,normal,21,1,1.04,492.91
37.21,17.7,77.3,normal,7,6,1.06,613.91
17.73,14.7,60.1,same_day,15,3,1.31,787.88
1.49,7.5,9.3,normal,21,1,1.14,98.54
2.91,6.3,56.2,same_day,10,0,1.3,291.12
8.11,3.9,6.0,same_day,0,2,0.51,146.62
4.87,2.7,75.7,normal,1,3,1.43,227.17
40.73,8.3,52.1,normal,2,3,1.14,634.42
31.93,23.7,64.8,express,9,3,0.53,399.06
28.59,24.3,52.8,normal,20,1,0.71,330.96
38.55,12.1,51.1,normal,2,4,1.1,648.17
24.34,4.3,74.4,same_day,14,3,1.41,956.85
30.93,13.9,41.8,same_day,19,5,0.91,757.99
25.62,21.9,44.6,same_day,13,5,0.7,538.58
21.15,6.6,68.9,same_day,19,2,0.92,593.14
32.89,5.9,9.9,same_day,11,2,1.19,1037.32
13.57,1.2,77.0,express,18,4,1.41,477.0
1.05,16.8,53.5,normal,10,3,1.44,184.94
33.53,21.9,59.4,express,2,5,1.15,854.64
18.8,20.2,56.8,same_day,9,0,0.68,416.69
32.2,17.8,14.8,express,9,2,1.37,956.95
39.82,4.8,12.7,express,15,1,1.15,849.85
14.78,8.4,9.5,express,5,5,1.27,449.39
42.84,20.9,50.8,same_day,16,3,0.51,565.49
7.26,6.1,3.1,normal,13,4,1.39,204.4
5.97,11.7,5.6,express,7,2,1.07,218.64
7.26,0.9,76.2,express,17,3,0.72,172.01
43.95,12.9,12.6,same_day,8,4,0.51,560.85
41.97,1.9,49.1,express,15,6,1.15,983.68
24.52,20.4,17.8,normal,9,3,0.83,318.55
10.21,7.4,53.8,normal,10,0,0.66,136.61
38.7,8.1,77.8,normal,18,4,0.56,328.51
43.96,12.5,47.9,express,2,1,1.43,1300.05
30.07,13.1,9.3,express,15,4,0.71,436.04
13.65,23.2,47.0,normal,23,2,0.73,198.4
17.25,5.1,66.5,express,22,6,1.36,593.12
25.76,13.2,23.2,express,8,4,1.14,643.93
23.9,22.8,50.0,express,6,5,1.35,787.61
39.43,18.9,12.7,express,5,3,1.29,1002.45
33.56,9.8,26.9,same_day,5,5,0.56,468.77
29.36,0.6,51.7,normal,12,5,1.3,539.01
14.06,5.1,17.0,normal,0,4,1.44,351.53
39.65,6.5,13.3,express,0,3,1.27,968.57
40.19,4.2,15.4,normal,23,3,0.68,387.12
3.37,7.4,34.4,normal,3,6,0.78,91.71
18.38,12.3,24.4,normal,4,1,0.94,276.58
31.1,24.6,31.1,same_day,10,5,1.17,1042.48
2.78,20.5,61.0,express,15,3,1.34,296.07
33.09,2.8,75.5,same_day,22,0,0.9,804.18
18.21,20.6,10.6,express,13,3,1.14,505.89
39.56,12.4,11.6,express,17,3,1.47,1118.26
2.96,17.1,33.3,same_day,9,6,1.12,263.51
27.02,13.5,9.3,normal,12,5,1.3,549.1
23.18,15.2,77.3,same_day,4,5,0.75,512.04
19.48,9.3,80.0,express,3,6,0.75,374.84
4.21,2.4,17.7,normal,1,6,1.15,126.87
38.6,22.8,15.4,express,13,0,0.53,423.14
43.53,8.2,34.7,same_day,20,0,0.9,1001.9
44.58,1.6,31.1,normal,4,2,1.4,877.82
8.5,2.1,27.8,normal,20,4,0.76,125.12
8.17,7.9,43.8,express,0,5,0.51,133.47
18.21,17.8,61.6,normal,19,4,1.17,377.59
10.74,16.4,12.1,same_day,16,6,1.31,517.59
3.66,22.3,45.6,normal,9,2,1.17,186.88
37.53,11.9,5.2,express,16,0,0.59,429.82
7.07,4.2,16.0,same_day,7,3,1.1,312.27
7.76,8.5,14.0,normal,15,5,1.18,204.73
28.57,15.4,28.8,same_day,19,2,1.48,1197.99
44.32,2.0,7.0,express,22,3,0.95,757.95
28.52,7.8,13.6,express,9,4,1.31,728.48
40.01,1.5,10.6,express,14,1,1.17,841.73
17.34,24.8,56.0,express,14,0,1.0,451.86
23.95,6.8,45.3,normal,5,2,0.77,300.06
25.44,14.5,52.0,same_day,21,2,0.56,432.55
31.16,18.9,36.8,express,5,4,0.5,324.26
33.02,12.1,73.3,normal,20,5,1.3,679.29
13.45,17.6,76.6,express,1,6,1.04,432.38
36.95,21.7,54.9,normal,8,2,1.29,756.01
21.18,24.1,33.0,same_day,8,3,1.0,692.93
9.95,17.2,14.8,express,23,0,1.15,352.37
29.51,10.2,18.8,normal,9,0,0.93,392.42
16.85,20.7,1.8,express,6,1,0.92,372.38
19.16,17.5,19.5,normal,18,0,1.11,354.14
20.88,5.9,46.0,same_day,23,4,1.08,641.25
15.72,21.1,52.6,normal,5,3,0.86,259.21
10.52,22.6,79.9,express,19,0,0.94,348.45
43.65,4.7,45.9,normal,17,1,1.47,850.54
25.72,22.6,65.9,same_day,17,1,1.08,808.1
38.32,17.5,62.1,normal,21,6,1.12,626.56
13.59,9.7,44.6,normal,5,0,0.66,164.59
9.23,17.7,36.5,normal,15,6,1.33,296.34
34.23,24.8,10.5,express,17,4,1.21,856.86
28.76,15.3,58.0,normal,15,5,0.62,282.35
18.59,14.5,57.6,express,1,5,1.19,569.54
1.95,1.9,43.6,express,16,1,1.49,211.27
19.94,9.7,9.3,normal,4,3,1.02,312.97
40.7,6.8,35.1,same_day,13,4,1.19,1252.38
16.96,17.5,21.7,express,20,2,0.71,283.15
10.97,19.5,64.2,express,15,3,1.4,502.36
7.33,5.0,52.2,same_day,12,4,1.21,396.17
3.29,19.1,21.8,express,21,0,0.97,192.21
44.13,17.5,46.7,normal,15,4,1.23,761.65
13.54,8.7,75.4,normal,15,2,1.41,364.82
12.13,9.5,8.6,same_day,10,2,1.42,536.23
39.27,21.0,56.8,express,19,2,0.84,727.48
26.12,9.8,63.4,same_day,20,4,1.1,808.63
37.2,23.3,69.5,express,6,4,1.36,1103.71
40.05,18.9,12.1,express,3,4,1.03,857.61
15.54,20.5,77.4,normal,19,3,0.84,256.23
27.11,14.6,39.9,same_day,8,0,1.39,1100.41
1.51,19.5,46.9,normal,14,1,0.74,99.92
17.53,23.1,56.9,same_day,4,3,0.87,543.16
32.06,10.8,55.9,express,19,0,0.92,643.63
42.09,15.5,13.5,normal,23,3,0.95,549.6
36.93,17.8,78.0,normal,20,2,0.95,547.61
31.92,18.4,59.2,normal,18,2,0.89,437.11
10.5,0.9,75.6,normal,21,4,1.21,262.85
12.22,15.8,23.5,express,21,0,1.0,339.17
6.1,22.2,34.1,normal,6,6,1.3,244.05
39.37,13.9,35.3,normal,10,3,1.08,621.0
4.73,6.6,3.5,same_day,5,4,0.93,206.37
10.28,20.3,72.6,normal,20,2,1.26,329.34
14.89,10.4,49.0,express,12,6,1.35,525.66
36.89,3.0,27.6,express,15,1,0.61,458.16
19.41,15.0,55.6,same_day,19,2,1.29,818.08
25.17,1.5,18.9,same_day,13,4,0.56,372.44
3.58,21.0,73.0,express,2,1,0.82,193.98
10.94,17.4,67.5,normal,23,1,1.49,381.31
5.9,23.5,60.2,express,10,0,0.85,238.45
39.7,7.9,13.6,same_day,9,6,1.11,1060.77
26.03,21.2,11.7,express,11,1,0.64,362.49
17.89,8.3,1.4,normal,18,5,1.15,339.96
42.72,20.9,7.7,express,15,1,0.93,763.19
14.36,6.9,34.0,normal,6,5,0.7,181.93
17.34,0.9,28.3,same_day,13,6,0.8,393.63
15.59,16.8,31.5,normal,21,3,0.83,246.53
26.76,5.0,10.5,normal,8,2,0.9,349.82
40.42,21.4,12.0,normal,18,4,1.26,713.26
7.8,15.6,38.1,same_day,8,5,1.18,426.63
13.82,2.3,39.0,normal,2,4,0.75,186.1
34.01,17.5,44.5,same_day,19,3,0.95,843.33
1.52,19.0,41.1,same_day,10,5,0.89,198.7
7.0,18.8,13.8,normal,4,0,0.97,178.74
5.87,18.3,6.8,express,19,0,1.02,221.44
35.78,6.1,77.2,same_day,20,2,0.82,773.11
11.01,12.8,19.4,normal,22,1,1.01,224.42
42.22,4.9,32.3,express,2,3,0.8,628.0
16.54,10.5,15.1,same_day,17,5,0.9,461.6
2.73,16.2,78.0,normal,7,3,1.14,167.48
13.47,15.8,34.4,same_day,6,6,1.48,711.6
30.86,9.7,76.6,normal,2,3,0.95,470.36
39.78,8.4,18.7,same_day,0,2,1.2,1247.78
33.37,3.8,22.4,normal,9,3,1.18,576.13
42.69,8.5,74.4,express,9,5,1.25,1047.53
15.84,10.6,3.5,normal,17,4,1.39,366.03
7.51,16.9,62.5,express,1,5,1.09,315.66
20.08,12.8,21.5,same_day,13,6,1.23,706.5
10.94,2.9,72.2,normal,13,3,0.64,146.76
37.45,13.3,37.4,normal,2,4,0.73,393.46
3.48,5.6,55.6,normal,21,2,1.48,191.44
13.21,9.4,70.4,same_day,6,5,0.93,452.55
17.91,2.1,70.4,express,5,0,1.19,528.64
2.84,24.4,21.1,same_day,5,3,0.81,206.08
10.22,9.4,27.1,same_day,8,5,1.48,544.79
19.51,13.9,57.3,normal,20,5,0.54,186.38
34.98,14.9,72.4,express,5,0,1.18,880.26
32.66,12.1,19.0,same_day,17,4,1.26,1051.6
25.58,9.1,58.7,same_day,22,4,1.08,823.78
26.61,19.4,53.9,normal,23,0,1.11,490.23
11.45,6.2,7.7,normal,2,2,0.89,184.77
30.75,17.9,6.7,same_day,13,6,0.56,452.02
4.19,4.5,33.2,express,6,4,0.73,130.63
14.32,6.0,76.1,express,8,2,1.17,429.24
28.25,24.0,61.7,express,22,1,0.86,551.16
23.7,16.4,13.8,express,18,2,1.36,717.79
18.27,12.4,29.9,normal,22,4,0.68,203.86
42.21,15.5,79.7,express,15,2,0.77,699.08
17.54,2.9,19.5,normal,10,0,0.86,234.27
24.86,16.3,36.7,same_day,15,0,1.34,965.61
44.19,13.2,74.3,express,14,5,0.97,866.94
36.18,3.1,64.8,same_day,20,0,1.09,985.77
16.53,24.3,6.5,normal,4,6,1.43,418.02
33.7,10.1,26.9,same_day,7,5,1.28,1105.69
9.34,5.2,54.4,express,3,4,1.33,382.53
5.35,14.7,62.3,express,0,3,0.61,143.13
17.53,21.2,57.9,same_day,17,1,1.44,819.2
11.07,6.1,64.1,express,18,1,0.8,254.55
6.55,24.5,28.7,normal,12,1,0.96,182.46
40.61,10.3,28.6,express,9,6,1.18,899.18
4.63,22.2,27.7,same_day,0,1,0.51,144.01
41.84,18.8,57.8,express,1,4,0.8,716.26
39.1,11.4,54.1,normal,14,4,1.11,655.25
40.93,21.0,36.2,same_day,18,2,0.66,744.96
1.75,20.4,26.0,same_day,10,1,1.41,318.48
31.52,15.9,56.4,express,7,5,0.65,449.69
37.57,24.3,13.7,same_day,10,0,0.54,523.06
21.51,22.5,34.4,express,15,1,1.15,577.03
39.3,12.8,44.4,same_day,19,0,1.25,1262.56
15.83,21.8,32.8,normal,17,0,1.16,331.55
8.54,13.7,75.1,same_day,5,0,0.76,310.34
27.78,22.3,49.5,express,21,2,0.78,513.24
41.91,21.4,19.3,normal,11,6,1.01,600.76
18.34,3.3,39.0,express,17,4,1.37,562.28
29.82,17.4,59.5,express,4,0,0.51,321.33
21.05,21.6,40.4,express,13,3,1.15,617.52
43.25,24.1,7.6,express,5,4,0.81,701.99
15.76,5.1,36.6,same_day,19,4,0.66,315.46
31.15,14.9,75.4,normal,13,3,0.91,460.59
17.43,0.5,32.1,same_day,5,4,0.86,439.85
28.78,7.7,14.6,same_day,19,2,0.82,596.89
18.46,15.9,69.6,normal,18,3,0.53,175.2
33.85,13.1,65.0,express,21,0,0.54,401.65
19.07,9.1,62.1,normal,23,3,0.95,326.08
9.28,12.8,67.3,normal,4,3,1.21,278.48
44.47,17.7,46.5,normal,9,3,1.28,861.38
3.33,24.7,39.9,same_day,13,3,1.14,323.4
18.18,9.4,55.8,express,20,6,0.74,316.8
40.93,20.3,74.6,express,21,6,0.59,505.13
34.8,10.8,36.0,normal,13,1,0.82,419.24
29.41,11.4,72.7,same_day,15,0,1.01,877.91
2.2,21.3,3.7,express,21,6,0.53,87.76
29.26,9.9,34.4,same_day,21,3,0.87,683.6
3.74,14.4,46.5,express,2,6,0.82,164.25
1.89,4.8,65.2,express,22,5,1.3,203.73
9.93,18.8,23.9,same_day,16,6,1.49,600.31
34.05,3.4,49.9,normal,12,2,0.84,409.07
19.83,16.0,53.7,same_day,22,4,0.95,586.19
41.47,20.9,48.8,express,8,0,0.56,504.12
33.02,14.0,4.1,express,7,5,1.31,877.04
39.06,15.7,3.8,normal,9,5,0.81,446.95
43.64,16.0,34.1,same_day,3,6,0.72,841.53
44.63,14.8,18.1,normal,22,1,0.64,390.29
31.74,23.0,15.8,same_day,3,2,1.02,879.09
24.3,3.2,39.9,express,5,1,0.99,523.04
7.69,6.4,30.9,same_day,4,6,0.54,158.6
7.73,19.0,12.9,same_day,9,4,0.79,265.22
24.07,1.6,30.8,express,9,0,1.39,669.12
23.78,23.9,36.6,express,16,6,0.82,448.09
36.75,12.1,10.1,same_day,19,1,0.53,496.66
24.24,16.1,26.8,normal,7,2,1.17,429.86
14.73,22.6,54.4,normal,0,2,1.25,391.46
12.87,21.8,79.0,same_day,14,1,0.71,378.83
4.02,14.2,34.3,express,2,6,1.34,259.26
6.45,0.6,22.7,normal,22,4,1.1,154.93
31.5,2.2,14.4,express,7,6,1.35,854.96
23.64,0.6,7.2,normal,22,2,0.57,185.25
7.36,15.3,32.5,normal,12,6,1.41,264.9
32.0,22.0,47.1,normal,15,3,0.6,311.98
19.94,18.1,76.9,express,3,5,0.75,388.5
36.0,9.9,60.5,express,7,2,1.17,828.93
18.3,16.4,17.3,normal,17,4,0.56,167.38
26.99,16.5,23.6,normal,6,3,1.44,608.88
12.91,11.3,18.8,express,22,4,0.95,317.45
40.71,19.6,51.9,same_day,12,3,1.19,1315.24
8.9,11.3,39.1,express,1,6,1.07,312.09
7.17,24.2,40.6,same_day,22,0,1.32,484.0
8.31,13.0,8.5,normal,14,3,0.83,151.32
19.78,9.1,21.2,same_day,0,6,1.03,583.13
6.34,20.4,14.6,normal,2,1,1.11,202.46
31.09,10.2,64.0,normal,7,4,1.06,527.69
15.77,17.7,14.7,same_day,10,0,1.36,675.63
10.9,0.8,28.0,same_day,12,5,0.55,199.09
12.73,20.4,41.4,same_day,14,3,1.34,643.87
18.99,24.9,45.9,same_day,0,4,0.61,381.08
17.8,12.7,58.2,same_day,3,5,0.69,410.02
30.22,16.4,71.8,express,15,6,1.28,846.9
39.65,18.7,76.9,same_day,19,4,1.16,1315.61
27.24,14.6,36.1,express,0,6,1.18,719.46
6.16,2.2,56.4,express,8,0,0.74,156.05
23.93,13.1,9.4,same_day,23,4,0.98,626.63
38.25,5.2,29.5,same_day,7,6,1.14,1136.73
4.96,1.6,19.8,express,21,3,0.73,119.59
27.31,7.1,16.3,express,1,3,0.65,361.77
2.15,13.4,50.0,same_day,3,0,1.46,341.74
38.04,23.9,46.4,normal,4,0,0.88,530.44
29.64,8.6,41.0,express,4,3,1.11,663.82
5.06,11.0,73.4,same_day,13,4,1.28,405.35
27.44,3.8,22.9,same_day,7,6,0.85,616.1
39.4,5.3,63.6,normal,13,4,1.21,673.93
21.51,6.9,39.9,same_day,16,5,0.8,501.28
12.62,23.2,2.4,same_day,1,5,0.82,373.32
2.82,15.7,15.2,express,19,3,0.88,147.45
12.94,25.0,23.7,same_day,10,4,0.85,420.76
43.26,20.2,11.5,normal,6,4,0.94,592.69
22.6,21.8,3.1,same_day,0,5,1.02,690.7
7.57,12.7,59.1,express,2,4,0.54,150.67
39.53,22.8,36.8,same_day,17,4,1.09,1126.67
40.06,14.2,57.1,same_day,18,1,0.59,647.2
26.49,5.3,33.7,express,6,4,0.7,400.09
33.65,10.6,31.8,same_day,10,4,1.25,1078.1
31.85,12.6,60.4,same_day,21,2,0.9,808.25
9.4,9.7,3.7,same_day,15,3,0.52,173.25
29.61,17.4,7.3,normal,9,4,1.3,595.63
21.51,22.0,43.5,express,2,2,1.09,575.95
33.85,7.5,51.4,same_day,13,6,0.86,732.53
34.92,14.1,29.8,normal,12,3,0.96,471.24
26.41,2.7,68.3,express,8,5,0.91,492.82
20.46,1.0,34.5,normal,13,1,1.33,399.71
20.46,0.7,37.3,same_day,14,4,0.64,369.51
22.27,9.2,76.5,normal,13,6,1.4,508.98
40.91,18.3,73.8,normal,4,4,1.17,689.09
18.27,7.0,52.7,same_day,22,4,0.92,535.05
25.35,13.8,6.5,same_day,19,4,0.83,547.69
31.26,23.2,76.4,normal,13,0,0.87,428.52
27.34,20.9,8.0,express,23,6,1.19,698.46
5.91,14.4,69.6,normal,8,0,0.7,130.44
38.25,10.8,61.7,same_day,4,3,1.25,1294.06
29.42,3.2,18.2,same_day,18,0,1.43,1084.67
10.67,12.7,56.5,express,19,3,0.55,178.73
17.7,4.6,63.0,express,15,2,1.0,443.32
30.58,3.9,55.4,express,16,1,1.21,779.46
42.37,12.6,33.0,normal,21,2,0.53,327.86
27.81,24.8,12.2,same_day,10,2,0.72,565.05
14.17,24.5,66.8,normal,21,5,1.28,373.91
11.36,24.9,22.5,express,9,2,1.08,365.55
34.05,13.2,18.1,same_day,22,1,1.32,1160.78
12.91,3.1,48.9,same_day,13,5,1.08,453.71
4.21,23.7,71.8,same_day,5,0,1.03,324.2
3.68,21.8,4.5,same_day,3,6,0.82,215.17
8.4,3.9,48.2,normal,3,2,0.89,154.72
16.36,15.2,66.1,normal,0,5,0.5,158.99
22.22,15.5,39.2,normal,6,1,1.3,457.15
29.94,17.7,49.5,normal,10,0,0.62,289.5
13.19,2.3,30.1,same_day,11,3,1.3,555.28
3.56,23.0,16.9,express,15,6,1.09,227.58
42.09,24.0,20.8,normal,23,4,0.85,509.0
33.73,18.5,2.1,same_day,4,5,0.69,614.82
30.27,4.0,41.3,normal,14,2,0.89,383.65
38.02,19.7,29.5,express,11,3,1.27,1015.14
23.61,23.3,48.9,express,15,0,0.9,521.93
2.3,12.6,45.2,same_day,6,6,0.59,130.86
41.21,5.1,16.7,express,18,0,0.71,548.58
11.12,7.7,14.9,express,17,3,1.24,374.95
28.43,24.3,79.5,same_day,15,0,0.81,687.34
2.46,20.4,28.0,same_day,17,6,1.02,241.74
43.72,7.5,12.2,express,17,3,0.9,776.01
6.34,6.7,51.4,same_day,1,5,1.31,382.46
31.89,18.7,6.2,same_day,5,2,0.87,753.76
39.5,21.8,17.3,same_day,2,1,1.14,1192.41
20.03,16.1,11.7,same_day,3,2,1.45,847.9
11.62,23.2,75.7,normal,4,6,0.8,226.99
34.65,4.1,16.9,same_day,22,4,1.05,904.85
35.73,13.7,29.5,normal,8,4,1.38,744.51
10.72,7.4,34.5,normal,16,6,0.67,147.35
19.5,11.9,18.6,normal,19,0,0.96,291.86
18.87,6.0,15.3,same_day,15,2,1.45,752.69
17.81,16.6,12.1,same_day,7,2,1.08,585.17
37.32,22.1,78.5,normal,1,3,0.96,574.18
12.62,14.8,63.3,express,13,1,1.42,501.59
20.89,21.8,41.0,same_day,8,5,1.09,719.61
42.28,8.9,27.3,same_day,4,3,0.67,698.6
25.92,13.0,6.5,normal,21,1,0.76,304.53
22.09,11.4,11.1,normal,3,4,1.18,389.27
28.63,6.4,33.0,express,10,1,1.23,760.99
39.84,11.0,26.0,express,9,1,0.99,775.18
5.8,20.7,42.9,same_day,0,3,0.62,211.34
34.08,20.4,50.4,express,2,2,0.77,590.19
42.77,15.4,19.4,same_day,19,0,1.09,1218.53
21.5,7.4,1.4,express,7,1,1.41,651.45
39.24,4.0,13.5,express,11,1,1.18,857.1
43.37,1.4,41.1,same_day,14,3,0.93,1020.51
38.11,6.4,78.8,same_day,7,0,1.25,1209.17
27.89,14.7,75.0,express,15,1,0.94,577.34
1.62,22.1,54.3,normal,3,2,1.07,154.05
40.42,4.0,25.3,express,11,6,0.77,570.1
36.89,19.2,61.1,same_day,9,6,0.6,594.58
24.74,23.0,57.7,express,14,3,1.05,638.27
21.32,4.2,17.2,normal,17,0,0.88,292.16
20.51,16.6,74.7,normal,14,6,1.46,512.69
17.19,25.0,33.7,normal,9,0,1.42,446.46
22.69,16.6,71.9,express,4,6,0.62,328.8
3.43,2.0,43.6,express,19,2,0.82,130.2
12.75,15.9,6.2,same_day,9,1,1.46,616.49
20.13,22.0,38.0,express,5,1,0.71,359.89
18.39,6.2,56.8,express,23,2,0.86,358.25
14.94,18.4,14.0,normal,15,1,0.77,210.57
7.04,9.9,69.2,normal,0,3,0.99,195.97
31.41,13.4,65.7,express,15,1,1.28,881.95
12.46,5.1,19.0,same_day,23,6,0.67,254.14
22.73,14.4,74.7,normal,16,5,1.36,550.31
17.14,6.1,36.6,express,8,1,1.36,526.75
5.07,4.3,37.1,normal,23,5,0.87,124.48
8.26,8.4,6.6,normal,17,3,0.55,91.9
15.46,17.9,6.7,normal,2,1,1.16,333.68
39.71,9.7,4.9,normal,23,4,0.79,429.42
20.5,19.6,63.6,same_day,17,0,1.19,809.34
34.45,19.6,9.7,normal,17,0,1.44,760.91
16.7,1.3,64.6,normal,16,0,0.72,211.67
35.68,3.6,36.1,normal,12,6,1.17,603.8
23.47,22.0,42.4,normal,9,2,0.98,392.33
14.79,18.8,25.1,express,22,4,0.86,342.15
30.03,15.2,29.7,same_day,5,6,1.01,789.41
23.73,13.0,47.7,express,7,0,1.0,552.8
29.24,3.1,14.8,normal,21,4,0.93,367.29
32.3,20.1,5.4,normal,12,4,0.82,387.2
32.24,5.1,32.1,express,23,2,0.74,494.73
35.89,23.6,70.7,express,12,0,1.02,809.46
24.4,6.7,32.5,normal,11,0,0.61,232.34
29.57,5.8,63.0,express,3,3,0.94,605.07
17.36,25.0,57.6,normal,13,2,0.68,238.32
7.93,8.7,5.0,express,21,0,0.71,158.02
18.53,23.0,34.4,express,22,1,0.85,408.88
40.4,21.9,31.5,normal,11,1,1.09,663.09
9.87,12.3,62.5,express,3,5,1.24,387.1
35.19,21.2,45.8,same_day,23,5,0.6,552.09
32.39,25.0,62.8,normal,21,0,0.82,413.4
40.98,13.6,31.7,same_day,23,1,1.24,1297.73
26.74,24.6,28.4,same_day,7,0,1.05,792.69
40.0,4.4,37.6,same_day,13,5,1.19,1148.38
5.93,6.9,38.5,express,13,0,0.96,201.16
25.0,17.9,30.5,express,7,0,0.79,425.6
5.91,1.0,13.7,same_day,18,4,0.69,154.37
17.5,13.2,3.3,same_day,17,5,1.21,642.66
5.38,19.5,46.3,express,1,1,0.77,194.37
22.88,20.7,63.1,express,16,1,1.14,631.12
15.3,16.2,38.4,normal,18,6,1.05,306.73
13.4,14.7,14.9,normal,20,1,1.06,273.64
10.82,19.3,27.6,express,5,1,0.98,334.32
9.62,13.6,76.1,normal,19,5,1.1,243.59
14.09,23.5,36.2,express,22,1,0.71,290.86
38.99,20.2,5.7,express,19,5,1.03,817.35
42.73,11.8,60.0,normal,7,5,0.62,399.18
17.5,9.3,72.7,express,10,2,0.88,381.28
32.28,16.2,11.6,same_day,3,6,1.1,972.13
31.36,11.6,60.0,same_day,15,1,1.12,1007.19
1.67,22.1,19.3,normal,9,6,1.35,167.07
35.48,21.2,41.0,same_day,7,4,1.2,1117.13
7.87,21.6,51.3,same_day,18,2,0.79,313.11
36.09,11.3,62.9,express,3,6,0.99,735.87
20.62,5.9,59.9,normal,0,0,1.18,381.24
36.59,14.7,13.7,normal,16,2,0.87,450.01
16.4,19.4,21.1,normal,1,6,0.89,267.01
15.29,11.0,61.2,normal,6,6,0.62,174.92
10.77,21.3,18.7,express,17,2,1.08,347.07
42.28,13.6,56.6,same_day,16,3,1.03,1136.48
41.73,19.7,31.2,express,10,3,1.13,982.33
30.85,18.1,25.0,normal,7,0,0.66,306.38
42.27,7.3,50.5,express,12,4,1.45,1268.41
5.22,10.5,22.6,normal,20,2,0.78,111.77
30.69,18.7,28.7,normal,6,5,1.17,530.84
19.74,4.4,20.3,normal,9,0,1.18,366.01
37.02,5.2,25.6,same_day,23,0,0.74,675.27
35.24,15.9,38.0,normal,17,3,1.04,551.92
25.72,20.0,77.7,express,10,6,1.36,831.3
15.0,3.8,27.9,express,15,0,1.02,373.44
4.45,15.5,26.3,express,13,5,1.37,279.16
8.79,17.6,69.1,express,2,2,1.04,324.63
7.79,23.2,77.4,normal,10,3,1.19,258.96
28.45,23.9,22.5,express,15,5,0.91,592.9
43.21,6.6,31.2,same_day,0,3,0.87,957.57
10.85,23.8,39.5,express,20,2,0.62,206.07
33.27,16.8,60.6,normal,2,1,0.78,399.81
3.94,13.8,71.3,express,23,6,0.83,179.82
13.25,7.6,79.1,normal,5,0,1.31,344.5
37.97,22.4,4.7,same_day,17,5,1.05,1029.6
12.82,23.9,16.5,same_day,0,2,1.14,537.45
31.13,7.5,63.1,normal,17,6,1.31,589.95
43.48,9.0,69.9,express,22,1,1.02,857.97
44.66,19.6,10.8,express,15,2,0.63,535.13
22.78,8.7,10.6,normal,14,2,1.18,415.01
20.43,21.3,4.8,same_day,5,1,0.6,383.2
32.61,22.4,50.7,same_day,16,6,1.42,1333.34
8.95,22.9,43.5,same_day,13,6,1.26,498.72
10.06,4.4,1.1,express,11,4,1.07,277.0
35.81,14.2,57.4,normal,6,2,0.51,281.07
37.91,20.2,11.7,express,9,3,1.18,912.45
6.35,9.9,17.2,normal,22,2,0.68,110.11
35.83,19.9,76.1,same_day,3,5,0.81,777.88
14.67,2.4,2.8,same_day,11,5,0.77,332.6
13.17,24.9,3.2,normal,19,3,0.63,165.18
25.26,14.3,55.0,normal,14,3,0.56,234.64
42.86,18.3,76.3,express,17,3,1.34,1212.93
18.88,3.6,14.9,express,12,0,1.07,433.88
21.99,20.9,72.8,normal,16,0,1.26,478.37
32.3,2.8,39.3,express,22,6,0.5,309.76
6.85,22.2,70.3,same_day,17,2,1.35,510.5
13.94,21.7,32.8,express,10,3,1.24,484.93
34.97,8.2,23.9,same_day,13,2,1.34,1241.47
12.52,7.0,21.6,same_day,5,3,1.23,487.85
22.15,8.4,55.5,express,13,4,1.25,600.62
13.87,17.2,76.2,same_day,6,3,1.49,769.57
40.77,16.4,24.3,normal,20,3,0.76,424.48
26.2,7.6,41.6,same_day,2,0,1.45,1035.92
5.98,17.2,65.7,normal,10,6,0.82,155.15
11.81,16.9,20.5,normal,11,2,1.32,325.43
3.82,17.4,74.1,normal,17,4,0.91,149.92
42.92,4.4,30.2,express,12,3,0.97,783.2
12.11,13.4,66.4,normal,3,0,0.63,167.06
42.07,9.9,33.2,normal,7,1,0.86,495.68
6.83,4.5,15.4,normal,6,4,0.71,106.93
37.39,2.8,42.6,normal,11,1,1.44,792.09
5.5,14.6,65.3,normal,14,1,1.02,175.93
7.63,7.6,56.5,same_day,16,1,1.33,431.84
12.19,8.9,79.4,express,1,0,1.45,490.51
30.51,19.6,61.1,same_day,6,2,1.11,999.9
37.63,20.6,17.7,normal,10,2,1.02,584.34
43.28,15.9,42.8,same_day,8,3,0.81,872.33
42.39,11.2,6.8,same_day,20,2,0.54,549.57
19.7,13.5,64.5,normal,3,4,0.79,283.52
8.93,9.1,33.6,express,1,6,0.58,156.22
9.32,6.0,71.5,same_day,13,1,0.57,211.18
37.85,3.0,40.4,express,4,3,0.65,473.94
24.82,12.4,19.4,same_day,3,6,1.32,876.4
31.5,1.8,13.2,express,13,0,0.66,395.79
7.6,18.9,55.2,same_day,3,4,0.57,207.83
8.41,2.0,8.8,express,16,2,1.36,305.11
36.99,7.2,54.5,normal,4,6,1.28,697.45
28.53,24.1,35.8,express,21,0,0.97,615.75
16.53,20.1,55.2,same_day,8,4,0.64,376.65
42.44,17.3,26.2,normal,12,5,1.12,650.76
42.79,9.9,3.6,same_day,23,6,0.61,654.94
34.85,21.1,41.1,same_day,6,2,0.56,522.46
31.88,11.7,43.6,same_day,9,4,0.84,741.67
6.66,12.5,12.8,normal,9,6,0.85,131.57
13.43,11.7,13.4,express,5,1,0.88,295.14
42.15,2.4,50.8,express,1,1,1.17,926.83
30.51,18.4,29.3,normal,10,3,1.12,511.98
9.9,2.0,32.9,express,7,4,1.21,318.72
16.06,20.3,17.3,express,21,4,1.48,590.25
8.79,15.3,61.5,express,9,3,0.74,216.14
23.48,1.9,29.6,normal,10,1,0.98,332.08
42.47,16.6,14.3,same_day,21,0,0.71,747.38
38.35,4.4,24.1,express,7,4,0.68,501.98
22.59,19.0,7.5,same_day,3,5,1.06,694.62
25.42,14.6,76.7,express,11,0,0.86,528.89
38.14,6.8,76.5,express,5,4,1.18,954.02
21.64,6.2,78.5,express,18,4,0.5,244.85
15.15,12.2,6.3,normal,10,6,0.93,245.25
39.05,22.4,40.2,express,16,3,1.18,999.17
26.08,5.4,7.3,express,23,4,1.14,580.0
2.38,17.4,73.5,express,12,3,1.27,277.11
36.44,8.1,20.5,same_day,11,3,1.49,1414.29
25.58,14.6,75.4,normal,12,2,1.3,576.65
36.75,24.6,77.9,normal,1,4,0.62,369.53
28.44,6.1,3.4,express,21,3,1.3,703.33
12.53,13.0,10.1,express,18,2,0.83,271.87
23.78,5.3,59.5,express,20,1,1.12,608.46
27.27,13.3,45.5,normal,3,3,1.27,526.69
13.04,1.8,56.8,express,16,6,0.63,209.75
24.12,10.9,76.6,same_day,8,2,1.19,830.79
39.53,12.9,13.8,same_day,0,4,1.1,1130.86
27.41,17.7,67.9,normal,16,2,0.92,397.34
28.09,16.6,64.4,express,13,5,1.36,864.08
10.21,12.1,71.2,same_day,18,5,1.04,414.11
37.41,23.5,43.2,same_day,19,4,0.98,985.89
7.01,13.2,51.9,normal,6,5,1.18,226.93
32.87,2.0,57.6,normal,23,4,1.44,693.76
6.75,14.7,28.2,normal,7,4,0.53,88.94
30.35,12.8,32.1,normal,17,5,1.28,565.5
42.39,11.4,7.6,express,12,6,1.04,893.93
32.55,2.2,47.0,same_day,10,2,0.84,735.95
25.87,23.4,51.8,same_day,11,1,0.82,623.09
35.32,7.1,26.7,normal,19,3,0.91,436.3
15.31,9.6,70.0,same_day,5,6,0.6,297.29
4.86,13.7,36.4,normal,8,3,0.63,92.66
25.36,8.1,33.0,same_day,16,6,1.06,766.01
21.25,22.6,28.5,normal,17,2,0.66,240.62
36.92,19.8,11.2,express,12,5,1.33,1013.72
23.94,17.5,48.0,same_day,19,4,1.48,1066.68
35.38,1.1,52.1,normal,9,6,0.9,456.46
19.82,23.5,73.5,normal,10,2,0.79,300.27
2.99,8.9,19.4,same_day,22,1,0.69,146.81
3.48,12.8,18.9,normal,23,4,0.85,105.89
8.32,24.3,14.6,same_day,4,1,1.46,566.61
19.34,10.9,23.7,normal,9,6,0.86,278.94
16.54,14.6,74.3,same_day,17,3,1.27,723.99
5.03,14.8,22.9,express,20,5,1.42,315.61
15.48,8.0,19.8,same_day,19,5,1.21,559.05
35.79,7.1,77.1,express,12,1,0.57,436.16
27.18,15.3,56.2,same_day,5,5,0.66,538.22
39.42,21.3,64.3,normal,2,2,1.33,762.01
26.91,22.9,54.8,normal,10,2,1.17,518.69
23.51,15.4,42.3,express,0,4,1.18,638.15
15.86,11.5,29.8,normal,2,0,1.37,368.66
3.27,11.8,73.8,same_day,22,2,1.26,350.49
18.9,15.7,51.8,same_day,22,0,1.29,806.35
28.96,2.5,13.9,same_day,23,5,1.42,1079.77
28.18,14.0,58.7,normal,5,3,0.64,296.75
6.33,0.9,71.3,express,1,2,0.62,140.96
2.71,10.9,19.1,normal,6,4,1.26,143.88
16.8,20.3,14.2,same_day,11,6,0.95,503.59
23.76,10.2,78.0,normal,1,1,0.66,260.9
21.74,17.0,27.0,same_day,8,3,0.83,544.81
15.27,3.1,56.8,same_day,5,2,0.8,390.55
2.59,12.3,41.5,same_day,12,1,0.56,130.59
38.09,24.6,53.2,express,14,3,0.7,592.44
43.8,24.7,7.7,express,3,6,1.01,847.56
42.48,4.1,40.0,express,8,1,1.27,1016.61
37.59,23.1,9.9,normal,22,5,0.63,349.28
22.22,10.3,23.7,express,22,2,0.74,376.79
12.71,11.4,45.3,express,0,1,1.18,394.23
42.82,14.9,53.4,normal,10,5,0.95,592.25
31.29,13.2,46.3,normal,20,5,0.99,471.72
42.39,11.3,66.1,normal,22,0,0.73,457.07
19.79,20.5,45.9,express,5,1,0.93,460.66
10.79,15.5,40.3,same_day,5,1,1.08,470.58
2.13,24.8,13.8,same_day,13,5,1.31,318.53
3.76,21.7,24.4,normal,5,5,0.71,104.71
31.46,1.8,77.6,normal,20,3,0.86,411.26
10.85,20.8,18.3,normal,1,2,0.98,233.4
28.27,20.3,8.1,normal,14,0,0.81,339.82
44.2,18.4,68.2,express,8,3,1.37,1296.44
41.1,21.1,56.2,express,23,4,1.37,1161.02
40.28,20.9,69.6,same_day,21,6,1.48,1663.06
33.75,5.3,3.1,normal,18,4,1.26,563.74
29.91,16.5,7.0,same_day,17,1,1.41,1171.25
22.01,16.1,70.2,express,15,3,0.95,528.44
4.33,16.1,68.5,normal,1,3,0.98,157.74
22.61,21.3,29.7,express,16,5,0.52,285.38
3.41,5.8,49.0,express,4,3,0.62,108.55
28.85,17.0,71.6,same_day,7,1,1.11,904.35
5.47,8.3,28.2,express,20,1,0.8,156.69
16.15,6.2,55.9,express,14,5,0.89,347.6
36.01,8.5,59.8,same_day,10,4,1.37,1256.26
12.89,7.8,29.5,normal,14,4,0.64,151.53
26.55,20.8,22.3,same_day,4,3,1.0,726.18
33.38,12.2,56.3,same_day,9,5,0.9,831.61
17.81,6.1,57.5,normal,8,0,1.15,360.68
29.04,1.0,68.8,express,11,6,1.05,611.5
41.72,8.1,73.0,normal,23,3,1.2,697.3
13.03,2.4,13.6,same_day,14,0,0.98,401.45
30.62,24.3,62.6,express,6,3,1.06,736.71
24.17,9.8,9.0,normal,15,1,0.62,215.86
32.35,12.6,70.5,normal,16,5,0.65,325.08
33.23,10.8,75.7,express,10,2,1.31,939.4
38.3,23.2,51.3,same_day,16,5,0.56,558.96
44.4,8.8,39.8,normal,6,5,1.09,658.15
16.56,23.3,45.2,normal,17,2,0.62,205.37
24.35,13.4,49.4,express,10,5,1.08,591.25
26.23,6.5,69.2,express,8,6,1.03,618.53
13.72,5.8,3.7,same_day,6,6,0.9,382.82
39.7,13.0,28.3,express,20,5,1.45,1156.15
2.66,24.2,73.7,normal,13,0,0.81,138.4
11.22,5.0,1.4,express,20,3,0.8,225.99
42.37,11.5,38.2,normal,5,3,1.08,645.17
5.36,22.6,43.3,same_day,21,3,0.81,269.74
19.02,11.6,44.1,normal,19,2,0.77,239.25
9.12,20.8,9.7,same_day,18,0,0.71,267.65
6.76,10.1,75.1,normal,13,5,1.26,244.75
10.64,20.2,29.4,normal,4,4,1.08,239.69
3.77,9.6,4.8,same_day,3,3,1.42,310.56
41.77,4.2,65.1,normal,23,0,0.91,542.82
33.42,14.6,39.1,normal,1,5,1.02,513.88
8.82,20.8,12.9,same_day,11,4,0.84,306.84
39.57,11.3,61.9,normal,10,2,1.28,735.17
35.18,2.3,27.2,same_day,19,2,1.04,927.95
5.47,16.3,6.4,express,2,5,0.84,174.11
18.06,17.9,10.3,same_day,13,4,1.37,750.74
41.21,16.9,1.5,same_day,6,1,0.66,672.76
8.49,10.2,76.4,normal,16,3,0.57,123.64
10.13,17.1,3.7,normal,5,4,1.41,296.58
29.21,1.6,39.5,express,18,3,1.3,743.24
4.38,24.0,2.9,express,10,0,1.28,282.55
35.92,18.7,70.7,express,3,3,0.59,457.22
11.57,4.4,59.5,normal,14,6,0.51,110.92
27.54,23.4,58.1,express,7,6,0.89,547.61
34.8,22.6,53.3,same_day,18,1,1.44,1403.61
16.18,2.5,59.8,normal,11,0,0.91,263.83
44.65,14.7,31.9,normal,13,0,0.73,438.63
29.51,3.3,62.4,normal,6,3,1.24,542.73
7.5,23.7,8.9,same_day,10,6,1.39,473.2
13.72,20.9,73.4,same_day,12,2,1.23,647.02
34.32,2.9,76.4,normal,9,2,1.13,576.77
1.27,6.4,50.3,normal,23,5,1.2,121.55
16.16,14.8,70.4,same_day,5,3,0.83,452.09
41.41,11.5,53.2,same_day,4,1,0.99,1064.38
11.72,5.9,21.9,normal,8,6,0.75,163.63
25.82,14.7,5.6,express,22,6,1.37,725.32
38.42,11.6,56.2,express,10,2,0.77,611.01
42.53,21.2,78.0,normal,22,3,1.06,702.06
25.66,19.6,32.7,express,8,2,0.54,305.85
26.65,19.7,33.7,same_day,5,4,1.17,901.18
25.73,23.0,27.5,same_day,20,6,0.92,680.78
38.31,5.0,72.0,same_day,12,0,1.44,1435.34
29.0,8.1,78.2,same_day,17,0,0.83,644.86
10.54,13.3,42.0,same_day,11,2,0.77,305.45
13.5,15.8,4.3,express,7,5,0.7,240.94
18.26,8.8,32.0,normal,10,0,1.07,314.94
12.3,10.8,38.7,same_day,13,4,0.67,283.24
12.81,6.9,7.7,express,23,1,1.0,309.79
4.14,7.7,45.2,same_day,15,2,1.07,266.7
28.58,11.3,52.9,normal,11,3,0.64,296.25
18.58,3.7,67.4,normal,23,0,1.1,340.17
44.24,1.5,4.8,express,19,0,0.73,589.28
26.59,7.2,2.6,express,0,2,0.98,548.64
15.85,3.5,60.4,express,12,6,0.62,233.8
8.49,14.1,54.9,express,5,5,1.43,427.77
25.78,14.4,59.5,normal,23,2,1.33,547.73
35.62,25.0,29.7,same_day,20,4,1.03,991.8
43.55,16.9,73.6,same_day,7,4,1.04,1157.82
39.43,2.3,36.9,express,23,4,0.74,588.95
32.48,21.9,61.9,same_day,2,2,1.01,940.4
25.95,10.4,21.6,express,23,3,0.77,424.25
9.03,23.9,73.1,express,19,6,0.87,280.88
11.37,17.3,36.4,normal,9,3,1.09,268.88
32.64,13.6,77.8,express,16,1,0.67,460.98
27.61,17.6,23.9,express,7,1,1.27,734.95
4.48,17.8,73.6,express,7,4,0.73,182.49
17.36,15.3,20.6,normal,21,0,1.31,381.52
11.5,15.9,18.0,normal,6,2,0.72,161.62
5.49,3.6,46.2,normal,4,2,0.94,137.71
5.91,9.3,43.1,express,4,5,0.8,178.93
33.2,5.3,22.6,express,16,6,0.69,437.86
5.11,3.1,18.8,normal,21,2,0.6,80
13.2,22.7,74.1,same_day,11,6,0.56,300.47
2.94,24.2,19.6,normal,10,5,1.38,206.93
1.33,19.0,13.1,normal,22,1,1.41,156.44
8.68,17.2,31.5,same_day,20,3,1.3,476.16
41.51,10.0,59.6,same_day,19,2,0.68,754.61
4.01,12.2,55.0,express,20,6,1.25,256.29
40.51,21.8,20.3,normal,17,5,0.99,555.58
5.36,18.4,21.5,express,17,3,0.96,209.74
15.38,8.1,50.6,same_day,15,3,1.47,728.75
6.18,13.4,59.2,express,14,2,1.25,315.14
25.26,3.6,3.0,normal,17,6,0.84,301.66
34.76,6.2,79.6,express,0,1,1.34,966.16
4.72,21.3,50.3,normal,11,0,1.36,248.42
43.08,8.2,41.5,normal,13,5,0.5,307.57
10.56,16.5,67.3,express,14,6,0.6,214.46
4.37,19.5,57.6,same_day,19,4,0.76,226.97
16.53,2.2,9.1,same_day,2,2,1.42,672.29
18.85,20.2,53.2,express,15,3,0.78,359.39
42.99,24.1,19.0,same_day,23,3,1.17,1374.95
29.47,13.1,4.0,express,18,2,0.6,353.09
24.91,23.4,70.1,same_day,5,3,0.59,479.45
33.48,3.1,29.2,express,14,0,1.38,898.6
14.95,12.8,34.4,normal,16,4,1.01,265.55
5.1,10.2,78.0,express,14,4,0.93,225.73
14.72,22.0,71.7,normal,2,1,0.55,161.6
35.13,9.2,28.4,express,4,0,0.52,368.72
34.02,14.2,74.4,same_day,6,2,1.11,1016.36
6.99,24.6,22.8,same_day,7,6,0.99,350.67
37.68,14.7,26.6,express,12,3,0.82,596.83
5.25,24.7,16.2,normal,13,5,1.31,223.33
28.23,18.5,69.1,same_day,9,1,1.12,951.59
12.73,22.6,1.4,same_day,14,0,0.77,355.3
1.02,9.9,22.5,same_day,7,2,0.69,114.95
6.11,6.2,71.1,normal,16,4,0.59,96.52
40.04,6.9,8.2,normal,8,4,1.32,740.12
15.0,19.8,13.7,same_day,19,2,1.42,709.59
11.6,21.6,2.3,normal,18,2,1.22,293.92
37.08,7.0,35.5,same_day,13,6,1.14,1088.83
30.49,9.0,38.4,normal,21,1,0.9,399.68
40.38,20.9,3.8,same_day,0,2,1.33,1407.04
12.75,22.6,77.7,express,17,0,0.71,284.23
28.62,15.7,41.9,same_day,3,6,0.93,735.45
4.69,19.6,18.1,express,7,5,1.12,248.86
36.68,8.5,42.2,express,20,3,0.8,587.63
41.53,10.2,5.8,express,5,3,1.42,1147.9
41.49,18.6,34.7,normal,4,6,0.89,544.63
30.68,1.4,75.9,same_day,9,1,1.24,1037.44
2.18,7.4,35.3,same_day,15,2,1.17,231.05
7.43,18.9,16.4,same_day,12,1,1.01,332.11
44.92,11.7,18.4,same_day,4,5,1.19,1266.0
13.83,9.2,6.5,normal,9,3,0.61,151.53
31.34,18.7,57.4,express,15,0,1.19,828.29
25.43,23.3,34.9,express,11,1,0.75,456.02
40.48,15.8,37.1,normal,23,4,1.26,721.88
34.99,5.8,44.8,express,7,5,1.26,897.42
19.18,7.4,59.7,normal,11,5,0.6,203.34
14.18,1.0,68.9,same_day,10,3,1.39,643.74
2.88,10.1,10.4,same_day,12,0,1.23,246.94
20.39,9.8,56.1,same_day,9,4,1.12,684.26
27.07,21.7,66.1,normal,17,4,1.12,529.94
37.65,14.3,72.5,same_day,16,0,0.82,841.98
8.62,19.4,77.5,same_day,4,1,0.7,277.51
22.01,4.9,22.0,same_day,14,6,0.64,367.33
2.9,16.8,22.7,same_day,9,3,1.06,250.08
42.7,8.1,65.5,normal,18,6,0.69,416.38
33.24,22.6,71.3,same_day,5,1,0.56,555.2
16.77,17.7,70.5,same_day,15,4,0.54,312.89
39.21,2.4,7.1,express,8,5,0.62,471.98
21.94,14.2,77.1,normal,2,6,0.63,246.88
23.35,23.3,4.8,express,1,3,1.33,732.02
17.33,14.5,31.3,express,17,0,1.25,535.11
37.92,16.4,38.7,normal,20,0,0.69,376.78
39.47,1.9,79.8,same_day,13,4,0.86,906.94
27.33,19.9,73.3,express,5,5,0.6,376.55
20.65,24.1,42.0,same_day,10,6,1.34,905.51
16.52,17.2,70.6,same_day,17,6,1.18,693.82
37.18,2.5,56.0,express,17,0,0.92,688.8
3.0,16.9,58.4,same_day,9,4,0.51,132.3
24.73,9.4,53.2,express,6,4,1.3,693.8
19.82,19.6,10.5,express,12,6,0.93,423.14
19.54,9.2,43.1,normal,7,6,0.6,189.29
2.86,14.6,36.0,same_day,4,3,0.57,141.65
12.76,13.2,40.7,same_day,2,1,0.64,298.37
33.75,15.6,11.0,normal,15,3,1.0,501.82
23.98,0.6,27.5,express,7,4,1.06,528.47
27.12,13.0,33.1,normal,7,5,0.75,300.44
21.66,24.8,2.9,express,16,6,1.08,540.5
18.07,17.2,28.9,express,6,0,0.77,340.15
33.78,7.0,55.0,same_day,10,5,0.52,478.5
41.3,21.1,13.7,same_day,6,5,1.22,1298.75
2.12,2.5,20.6,same_day,20,4,1.35,231.14
1.57,11.9,75.5,express,16,6,1.23,214.73
7.82,19.8,7.4,same_day,22,2,1.35,443.44
37.87,2.6,79.2,same_day,19,4,1.44,1493.44
41.17,5.2,52.7,normal,14,2,1.35,767.24
35.87,16.1,6.2,normal,12,2,1.28,638.02
21.8,9.1,47.6,same_day,14,5,0.88,569.22
1.96,13.1,27.0,same_day,13,0,1.08,213.86
21.39,12.5,77.5,same_day,20,6,0.56,360.54
13.56,3.0,60.1,same_day,3,0,1.47,684.9
25.44,15.6,42.8,express,9,5,1.06,615.78
36.5,17.3,10.8,same_day,10,0,0.88,851.38
14.88,9.0,25.2,express,22,3,1.44,505.42
22.02,11.9,76.0,same_day,2,6,0.92,606.92
38.66,4.5,70.4,normal,6,4,0.63,368.85
34.77,9.1,4.5,normal,3,4,1.28,595.14
17.17,23.0,34.7,normal,2,5,1.16,363.08
14.94,16.7,45.2,express,21,5,0.9,352.29
12.61,2.8,14.0,express,20,2,1.26,372.9
23.42,3.1,51.6,same_day,6,2,0.59,388.12
3.5,5.4,17.0,normal,10,6,1.36,143.89
1.95,23.5,55.2,normal,2,0,1.15,177.76
32.98,8.9,49.7,same_day,8,3,0.74,668.58
16.75,3.7,33.9,same_day,18,1,0.56,282.76
19.87,19.6,67.8,express,21,5,1.03,546.22
4.58,5.4,29.0,express,18,5,1.39,260.1
8.4,7.6,15.9,express,3,6,0.72,173.47
14.23,23.6,52.4,express,8,6,1.05,443.45
1.65,6.6,45.2,express,4,6,1.05,156.25
28.04,16.4,33.6,express,9,2,1.08,685.12
6.08,9.5,18.2,express,4,0,0.77,165.81
10.35,13.2,20.7,same_day,12,5,0.88,336.98
33.3,16.6,21.7,express,4,3,1.37,969.95
19.37,6.6,25.1,same_day,4,3,1.05,562.29
26.81,14.5,20.3,express,1,3,0.95,535.14
29.55,18.2,1.5,same_day,19,3,1.29,1040.42
39.9,23.6,68.9,express,4,5,0.79,680.79
5.01,21.1,42.1,normal,20,3,1.28,223.21
32.29,4.3,69.1,express,19,1,1.37,940.8
12.36,8.6,74.0,normal,8,3,1.11,278.11
27.75,11.8,9.5,normal,20,0,1.27,504.54
14.8,1.6,54.2,same_day,22,2,0.88,412.38
26.46,1.4,61.0,same_day,7,4,0.73,521.81
6.36,4.5,3.1,express,7,6,0.77,148.35
37.69,17.4,28.8,same_day,12,0,1.2,1226.46
13.89,2.2,11.7,normal,3,4,0.74,176.11
9.09,3.0,57.0,express,18,6,1.02,271.65
19.79,19.7,29.4,express,18,3,1.18,586.54
30.62,24.2,21.3,normal,10,6,1.33,628.51
37.41,15.1,78.4,normal,9,3,1.34,742.66
41.45,3.2,60.0,express,4,0,0.62,518.95
18.98,15.2,24.9,express,6,5,1.48,692.09
30.67,16.2,53.9,same_day,7,2,1.39,1137.37
13.26,12.7,61.7,same_day,14,2,0.9,413.17
37.25,22.8,42.7,express,9,0,0.94,734.25
11.05,23.7,50.9,express,5,4,1.49,533.74
25.91,14.0,41.2,normal,5,4,0.61,246.25
37.06,17.9,74.9,normal,11,5,1.27,688.4
2.59,2.0,21.3,normal,13,3,0.7,80
40.22,24.6,13.5,normal,21,1,0.94,530.12
34.2,15.3,58.9,same_day,17,5,1.41,1386.73
13.53,13.0,10.1,same_day,23,4,1.32,580.16
38.0,17.8,17.9,express,23,2,0.6,458.99
3.57,5.8,63.8,same_day,3,0,1.32,336.25
37.48,24.7,4.2,express,5,4,1.4,1028.34
40.26,4.2,78.8,same_day,3,6,1.02,1051.74
2.9,1.9,8.3,express,6,4,1.19,161.23
33.56,4.5,34.6,same_day,20,1,1.34,1119.68
33.33,4.2,11.7,express,7,0,0.99,640.73
39.94,20.4,62.2,same_day,20,0,1.22,1271.35
1.72,13.0,31.6,normal,15,0,1.09,124.35
34.16,7.0,53.8,normal,21,3,0.95,488.59
10.12,3.7,77.1,express,10,6,0.86,259.8
22.53,12.3,78.9,express,6,6,1.29,681.71
5.76,11.1,42.0,normal,0,6,1.35,208.55
44.75,21.8,60.9,same_day,16,6,1.04,1257.98
5.42,23.6,9.4,express,7,2,0.65,159.1
6.5,7.8,66.3,same_day,21,4,1.18,366.08
42.05,15.3,52.1,express,8,4,0.88,740.12
4.54,15.9,49.7,express,0,4,1.45,320.77
24.42,2.7,47.2,normal,21,6,1.14,425.25
23.1,12.3,34.8,normal,18,1,1.39,538.01
7.04,0.9,39.6,normal,15,0,1.37,214.42
37.55,3.5,69.8,normal,19,1,1.42,746.03
26.15,20.4,44.6,same_day,10,6,0.76,603.5
25.79,1.0,41.4,express,8,0,1.45,804.36
19.93,13.3,64.0,normal,20,1,0.58,193.16
19.4,19.2,30.4,express,11,3,1.32,639.97
8.93,5.8,6.3,same_day,13,0,1.47,467.09
16.12,11.3,45.6,normal,2,3,1.22,339.04
17.97,14.2,11.8,express,12,4,1.05,424.2
6.41,17.9,29.6,same_day,10,5,0.71,227.92
37.76,23.6,9.6,express,23,6,1.27,963.89
42.54,2.0,56.8,express,18,0,0.78,622.83
17.67,17.5,69.1,express,12,6,1.45,646.26
25.75,10.6,6.6,same_day,20,6,0.7,485.42
22.02,17.3,52.1,express,13,1,0.77,384.12
2.58,2.5,68.8,express,20,3,0.54,89.83
26.01,9.9,38.3,normal,6,5,0.59,228.07
13.86,2.4,47.5,same_day,4,5,1.13,508.36
40.26,17.8,10.1,express,19,1,1.18,930.57
20.84,13.1,22.0,same_day,18,6,1.24,764.54
28.97,19.1,3.7,express,7,3,0.53,329.97
12.6,22.1,4.8,normal,18,2,0.57,144.63
42.73,6.2,40.5,same_day,12,5,1.38,1546.83
3.8,20.1,52.3,same_day,17,1,1.26,352.09
17.65,19.1,42.9,express,10,0,0.79,357.57
33.64,21.7,10.7,normal,11,6,0.85,441.99
19.6,18.3,49.0,same_day,14,6,1.41,858.59
43.75,12.6,45.8,express,12,0,1.41,1226.04
2.74,9.6,49.9,normal,8,3,1.4,170.78
5.3,8.3,52.6,same_day,8,0,1.27,354.7
19.28,12.0,19.5,same_day,7,1,1.31,773.55
31.32,15.7,1.6,same_day,9,6,1.46,1262.69
24.42,20.5,9.3,same_day,8,0,1.32,929.24
9.57,4.1,20.3,same_day,5,3,1.14,367.02
15.74,4.5,6.2,normal,20,5,1.21,299.02
33.66,6.4,11.2,normal,23,1,0.68,317.18
27.19,16.0,18.1,same_day,17,2,0.61,452.91
15.07,10.6,25.9,same_day,18,3,1.31,626.85
4.18,4.1,62.8,same_day,4,4,0.87,220.27
40.5,2.8,8.6,same_day,20,0,1.17,1156.32
10.13,8.7,32.3,normal,15,1,0.6,125.89
26.65,1.9,69.3,express,15,1,1.02,577.52
3.9,5.7,19.6,normal,9,3,1.32,154.82
25.84,6.5,27.6,same_day,13,3,0.71,482.42
36.71,22.6,1.6,normal,11,5,0.59,328.5
32.32,12.9,55.4,same_day,16,4,1.22,1032.97
44.84,2.4,1.1,normal,14,5,1.3,771.05
12.14,9.6,24.4,same_day,7,6,0.84,340.55
27.9,23.8,5.3,same_day,1,1,1.01,765.09
43.8,18.2,52.6,same_day,14,1,1.29,1536.56
30.41,13.4,7.9,normal,8,0,0.71,312.94
21.55,3.3,14.6,normal,15,4,1.41,458.39
18.0,6.1,72.5,normal,6,2,0.84,253.68
21.88,19.6,17.0,express,6,6,0.55,269.15
14.39,20.0,71.1,express,13,1,0.7,301.43
12.05,9.9,67.2,same_day,12,4,0.59,269.56
9.98,3.7,76.2,express,8,4,0.86,259.53
36.91,13.6,25.0,express,7,1,1.49,1138.34
21.56,13.8,77.1,same_day,14,3,1.2,791.46
20.38,10.8,62.1,express,9,3,1.03,481.11
30.56,20.3,10.7,express,8,2,1.07,709.4
10.0,8.8,27.8,normal,12,6,0.76,151.61
13.81,4.4,12.4,same_day,23,2,1.09,475.17
33.36,7.2,6.2,normal,0,1,0.99,443.65
3.13,5.8,39.9,same_day,20,6,0.62,126.9
19.68,0.7,72.6,normal,5,5,1.34,422.82
22.16,9.0,37.5,express,5,4,0.99,486.15
35.15,12.0,53.2,same_day,14,0,1.37,1303.75
18.64,5.8,11.4,normal,17,1,0.58,169.43
2.14,23.3,30.4,express,4,3,1.42,284.97
43.74,24.9,79.7,express,20,1,0.59,563.18
4.66,10.4,9.7,express,9,3,0.87,153.13
22.65,19.4,23.1,same_day,14,6,1.23,853.69
26.36,16.7,12.8,normal,13,5,0.75,308.28
3.46,7.8,24.2,express,20,0,0.73,115.97
43.05,17.4,37.0,express,12,2,1.23,1028.29
43.5,15.2,68.8,same_day,12,4,1.47,1616.03
10.56,19.8,54.2,same_day,6,5,0.54,237.55
33.79,11.5,38.5,express,9,3,1.29,900.17
7.06,20.0,70.3,normal,4,0,0.77,154.39
27.9,3.9,33.8,same_day,0,6,0.9,649.16
5.79,18.1,38.7,express,17,0,1.29,306.52
23.81,18.4,29.8,normal,0,6,0.76,308.74
16.49,0.8,52.0,normal,9,6,0.82,217.29
9.54,8.0,69.9,express,17,4,1.22,355.78
4.91,13.7,24.6,normal,19,2,0.86,132.01
33.35,2.0,38.6,normal,13,6,0.85,393.69
20.78,8.0,12.5,same_day,0,4,0.8,480.63
21.66,6.5,10.4,express,15,0,1.42,663.9
39.76,9.7,9.5,normal,10,0,0.56,308.43
29.37,1.0,16.1,normal,13,4,0.94,403.79
34.41,8.8,23.1,express,2,4,1.49,1050.1
40.95,13.1,43.2,normal,23,6,0.9,554.05
40.92,16.3,16.1,express,22,3,0.78,629.87
34.99,19.2,61.5,normal,8,6,1.4,737.05
19.42,19.2,4.8,normal,23,0,1.3,414.22
42.9,4.2,15.4,express,11,4,1.17,969.53
5.11,17.6,24.1,express,5,4,0.9,200.14
11.46,12.5,60.0,express,5,3,0.85,290.06
39.27,10.2,16.7,normal,18,0,0.87,495.59
43.64,9.6,19.0,normal,22,3,0.82,481.87
20.33,2.5,28.7,normal,11,5,0.59,181.2
13.36,6.2,48.9,same_day,17,3,0.83,358.08
1.91,21.8,26.6,express,21,5,1.02,188.57
38.13,21.3,53.8,express,2,4,0.9,693.64
16.73,12.5,65.8,same_day,7,2,0.73,387.44
38.67,23.5,41.6,same_day,16,4,0.79,836.38
39.82,1.0,74.1,normal,9,6,0.78,449.52
12.53,4.8,48.5,express,5,2,0.8,250.99
2.55,0.5,42.8,same_day,13,0,1.06,203.36
31.47,7.8,39.7,same_day,0,4,0.73,621.06
44.34,3.3,20.9,same_day,9,5,1.34,1450.54
40.61,10.5,35.7,normal,9,0,0.65,386.64
14.42,4.2,10.7,normal,6,2,1.01,227.24
5.0,21.9,7.8,same_day,13,1,1.3,359.74
10.5,24.6,50.4,express,6,5,0.7,234.84
36.79,15.9,29.1,normal,11,3,0.86,440.36
32.79,5.5,40.6,normal,23,6,0.66,304.4
10.08,13.0,59.7,normal,1,6,0.73,166.51
25.7,23.7,12.9,normal,12,5,0.84,356.56
7.9,21.6,75.8,same_day,19,3,1.43,559.18
9.99,2.6,29.3,same_day,0,6,0.95,332.29
9.07,7.5,26.3,normal,4,5,1.01,179.47
37.31,6.8,26.3,normal,2,1,1.42,717.58
2.66,5.5,37.7,normal,5,0,1.41,158.4
41.91,19.4,53.9,normal,1,4,0.83,521.8
38.61,21.4,45.3,same_day,10,5,0.86,891.25
30.73,21.3,51.8,same_day,0,3,0.92,776.5
6.25,8.6,22.1,normal,9,0,0.63,100.3
16.93,6.4,68.9,same_day,16,1,0.54,283.44
15.39,3.5,67.0,express,5,5,0.97,382.55
21.83,16.8,59.3,normal,5,0,0.57,208.57
36.73,24.3,14.2,express,4,4,0.86,686.01
16.84,8.3,6.1,normal,9,5,0.9,236.08
6.18,0.9,74.3,express,18,6,1.09,242.22
10.11,10.7,19.4,express,4,5,1.02,295.27
44.64,6.0,67.7,normal,22,0,0.72,432.94
5.1,20.2,32.4,express,0,4,1.49,363.46
18.18,17.3,77.0,same_day,19,1,1.42,898.11
22.26,9.8,53.0,express,1,2,1.07,537.64
43.9,19.4,72.1,express,23,3,1.31,1178.51
12.96,17.5,55.9,same_day,3,4,0.81,396.05
15.2,4.6,51.6,same_day,5,5,1.43,718.27
15.1,22.0,3.2,normal,20,6,1.25,349.07
7.7,10.0,73.3,express,2,5,1.08,300.32
12.18,12.4,45.4,express,2,5,0.81,264.11
4.16,11.8,22.9,same_day,22,2,0.92,228.19
31.81,22.9,66.4,same_day,20,5,0.6,572.93
32.53,16.5,10.2,normal,0,2,1.45,689.32
7.31,17.8,42.2,express,14,5,0.58,158.19
20.5,4.4,45.3,express,7,3,1.22,553.82
41.25,20.0,39.9,normal,12,2,0.89,524.71
6.78,0.7,31.8,express,12,1,1.4,300.83
33.91,11.9,1.8,normal,15,1,1.27,640.29
27.45,5.6,38.7,same_day,15,1,1.47,1075.45
12.89,19.8,30.1,same_day,3,4,1.2,571.76
37.29,24.4,25.2,express,7,1,0.67,514.44
4.22,23.1,33.8,same_day,18,4,1.18,335.65
10.49,18.1,75.1,normal,7,3,1.29,320.96
11.33,6.9,58.3,normal,22,5,1.11,248.41
36.71,11.3,46.4,express,9,6,1.01,748.42
18.69,13.6,4.0,express,10,6,1.09,468.5
24.35,6.4,2.2,express,13,1,1.21,628.09
33.97,15.1,12.3,normal,8,0,0.85,438.97
1.08,10.9,79.3,normal,12,2,1.27,160.0
32.34,2.1,6.6,normal,4,3,1.22,530.09
25.25,5.7,69.2,normal,6,4,0.66,262.59
11.99,23.9,21.1,normal,11,3,0.88,211.29
18.34,1.4,75.2,express,18,0,0.81,359.48
42.49,4.8,41.6,express,13,0,1.06,919.03
35.58,19.9,9.8,normal,13,2,1.42,758.68
28.53,2.2,14.5,normal,20,5,0.98,391.84
16.42,11.7,6.4,normal,15,5,1.1,299.34
17.51,16.3,74.1,same_day,15,1,1.44,835.32
37.49,4.4,15.7,express,18,5,0.92,685.14
11.1,16.0,21.4,same_day,11,5,0.93,365.1
22.26,14.1,74.9,express,1,1,1.22,627.19
39.7,4.2,75.8,normal,23,0,1.27,698.07
15.33,15.5,8.4,express,3,1,1.32,500.43
4.36,12.4,77.0,same_day,23,3,0.59,169.96
35.81,6.8,70.6,normal,1,6,1.5,823.54
36.32,10.0,70.0,express,16,3,0.55,400.76
22.14,12.4,63.5,same_day,23,0,1.11,708.63
25.19,2.7,48.5,same_day,17,6,1.34,897.35
3.08,16.3,53.0,normal,2,2,0.6,83.63
39.8,17.3,30.7,express,18,4,1.5,1184.38
17.46,24.4,38.3,express,11,6,1.42,634.55
1.43,21.2,9.6,express,11,0,1.11,184.23
20.58,23.4,39.5,same_day,4,6,0.67,434.52
23.78,17.3,41.4,normal,4,3,1.49,578.88
14.06,18.7,39.4,same_day,1,1,1.25,634.36
12.46,17.8,58.8,express,8,4,0.55,199.48
17.55,3.6,68.6,same_day,10,0,0.59,331.35
3.35,7.1,22.3,normal,19,0,0.69,80.01
1.98,2.7,6.1,same_day,13,2,0.92,132.0
24.2,1.7,44.8,same_day,19,4,1.35,898.07
24.59,16.7,6.8,normal,14,5,1.34,500.65
2.47,9.1,72.8,normal,20,3,1.14,158.72
27.95,0.7,39.2,normal,6,6,0.84,353.99
29.21,3.6,53.0,same_day,2,6,1.3,1016.53
19.62,23.1,11.6,normal,19,4,0.6,212.25
13.08,24.5,12.8,same_day,9,6,1.03,478.52
16.75,17.7,70.1,same_day,8,3,1.36,809.83
37.52,5.1,12.4,express,3,2,1.34,931.58
3.57,14.2,24.8,express,13,0,0.99,176.49
19.19,8.7,73.8,same_day,17,2,1.49,879.51
5.01,13.3,58.8,express,21,0,1.35,304.56
5.4,14.4,21.8,express,1,1,1.42,304.83
44.61,11.1,62.5,normal,3,0,1.04,672.43
4.38,6.2,44.4,normal,9,5,1.25,173.45
8.56,19.8,62.2,express,14,5,0.64,198.92
23.69,10.0,52.7,express,22,5,0.54,299.3
42.74,13.4,64.1,normal,10,0,0.61,376.97
29.37,3.8,3.7,express,11,5,0.53,317.64
40.86,0.9,9.0,normal,16,2,0.94,524.67
1.58,17.3,11.6,normal,17,4,0.69,80
21.45,5.0,7.3,normal,20,1,1.44,450.53
9.11,3.8,49.0,normal,17,4,0.9,175.71
44.14,6.1,48.5,same_day,8,3,0.69,755.88
33.19,18.2,79.1,express,9,4,0.95,699.28
41.83,6.4,29.6,same_day,3,4,1.17,1225.34
5.44,17.2,53.2,express,22,1,1.16,274.41
21.69,17.7,40.6,normal,7,5,0.77,291.91
1.14,19.2,30.4,same_day,14,2,1.26,257.6
5.16,15.6,66.9,express,5,0,0.75,188.07
29.15,1.2,27.6,express,22,5,1.44,851.28
39.79,21.1,12.3,same_day,3,2,1.08,1072.43
4.68,2.3,41.2,same_day,9,4,1.05,246.34
19.7,18.2,75.6,normal,22,4,0.61,215.08
26.58,15.0,71.8,same_day,16,0,0.53,409.01
43.96,2.4,13.5,normal,0,0,1.15,677.96
1.93,16.0,33.9,express,2,2,1.07,182.19
35.06,23.4,36.1,express,8,2,0.78,598.57
17.94,3.7,26.2,same_day,13,6,0.84,433.93
22.67,12.0,8.3,same_day,17,1,1.27,830.57
13.12,13.8,44.5,express,5,0,1.05,381.63
7.81,23.5,25.6,normal,17,2,0.72,152.07
26.94,3.4,73.5,normal,23,3,1.42,566.34
39.9,8.8,78.1,normal,10,0,1.31,786.03
20.3,4.9,27.7,same_day,23,3,0.9,515.9
2.07,7.8,5.1,express,9,4,0.94,128.39
20.39,4.5,50.9,express,14,2,0.97,431.56
43.04,9.8,12.5,normal,15,3,0.83,486.82
2.76,12.5,2.5,normal,17,4,1.07,122.05
34.96,16.4,58.2,express,15,1,0.9,702.82
3.52,15.0,12.2,same_day,17,2,0.64,152.6
20.72,1.8,19.6,same_day,20,5,1.0,574.12
15.44,22.3,79.2,express,21,3,1.06,465.72
30.8,5.8,62.7,express,22,0,1.06,675.38
18.79,18.7,55.2,same_day,18,2,0.8,474.44
2.36,5.5,38.9,express,11,3,1.18,180.46
24.5,1.3,15.9,same_day,18,2,1.32,851.7
38.46,10.3,59.0,normal,1,4,1.15,668.71
41.78,0.8,22.6,same_day,0,3,0.77,754.32
29.93,11.8,35.6,normal,0,2,0.91,417.95
30.58,5.9,68.1,same_day,12,3,0.75,614.17
39.18,5.4,54.5,same_day,15,0,0.96,959.43
20.07,21.9,3.9,same_day,10,0,0.82,509.41
13.84,11.3,31.5,same_day,21,5,0.86,402.26
5.7,2.2,71.3,same_day,23,6,0.68,196.26
38.38,6.7,72.0,same_day,17,4,0.76,752.75
12.62,11.4,49.1,express,22,1,1.07,368.74
29.66,16.4,28.6,express,6,1,1.17,778.78
39.63,15.9,72.6,same_day,12,4,0.89,986.66
33.78,7.2,17.7,normal,20,3,0.72,355.66
43.47,10.8,73.0,same_day,7,2,0.55,599.1
12.57,10.4,60.9,normal,23,2,0.91,240.2
16.49,4.9,68.4,express,21,3,0.57,225.5
24.84,10.7,17.3,normal,1,3,1.48,583.09
40.69,20.8,70.2,same_day,16,6,0.9,966.27
7.45,17.4,49.5,express,3,0,0.94,257.77
15.26,21.3,69.8,express,0,3,0.76,329.02
5.56,4.5,41.1,normal,0,5,1.02,152.22
2.72,21.1,14.8,same_day,19,4,0.55,125.41
42.8,9.8,1.3,express,13,4,0.87,714.71
3.38,7.9,40.7,normal,4,0,0.74,97.42
27.02,4.9,12.3,same_day,19,2,1.34,932.21
16.77,10.9,11.4,normal,1,0,1.28,372.76
33.01,17.1,5.3,express,20,5,1.03,708.14
31.25,2.0,62.2,normal,15,3,0.61,272.86
8.56,18.4,78.8,normal,15,4,0.74,172.22
21.23,9.7,52.4,same_day,6,5,0.6,389.44
15.65,1.3,13.9,normal,10,4,1.47,360.1
19.84,12.8,76.5,normal,20,3,0.99,334.64
19.83,9.6,62.0,normal,3,4,0.82,275.93
23.95,1.0,62.9,express,13,0,1.01,524.02
8.98,22.1,12.5,express,1,6,0.72,212.31
29.81,10.8,4.3,normal,19,4,1.49,611.08
17.01,13.9,18.1,express,19,6,1.09,458.83
44.39,23.4,63.8,express,0,6,1.2,1134.79
5.8,0.9,25.3,express,19,5,1.13,219.26
27.18,23.0,50.9,express,17,4,0.76,493.1
26.58,9.4,66.1,normal,12,1,1.08,472.3
15.15,1.2,10.7,express,1,4,0.82,280.83
26.78,16.0,50.0,normal,21,3,0.95,399.04
43.13,23.1,70.7,normal,21,6,0.62,408.46
30.16,7.5,27.5,normal,4,6,1.15,488.75
2.24,22.5,15.4,express,17,4,0.93,172.74
27.54,22.7,16.3,same_day,3,0,0.73,560.58
6.2,12.4,33.3,express,11,4,0.74,171.32
40.73,4.4,41.5,same_day,19,4,0.84,864.68
21.05,0.7,28.3,same_day,7,1,0.58,344.91
42.64,10.8,75.8,express,3,2,0.67,600.28
40.07,3.1,8.8,express,4,4,1.04,796.03
41.19,1.6,53.7,normal,21,6,1.06,593.52
22.68,3.4,22.4,same_day,16,4,1.31,796.67
14.73,15.5,48.6,normal,22,2,0.67,183.09
30.37,18.8,41.0,express,19,1,1.09,730.94
3.94,3.7,64.2,express,11,6,1.13,213.21
18.18,22.6,40.7,express,23,6,0.64,312.09
5.75,10.1,31.4,normal,7,3,1.35,211.55
33.21,23.1,40.5,normal,0,1,1.05,562.41
22.7,23.8,45.2,express,3,1,1.38,750.8
35.33,1.5,14.1,normal,3,3,1.4,707.75
3.84,19.9,16.0,same_day,17,6,0.63,163.03
29.29,12.0,57.2,same_day,1,5,0.68,572.67
6.63,10.6,69.6,normal,6,2,1.1,195.82
5.7,6.1,53.5,same_day,17,4,0.83,239.4
8.14,10.5,30.8,same_day,23,1,0.73,233.01
15.98,10.8,13.4,normal,7,5,1.33,346.56
19.92,18.8,61.1,normal,15,0,1.44,537.07
10.72,15.8,12.5,same_day,12,5,1.37,516.16
39.91,2.4,12.7,normal,9,2,0.83,449.05
20.79,2.8,68.4,express,17,6,0.75,352.17
34.28,14.8,10.9,express,9,1,0.6,403.21
27.72,8.8,14.4,express,8,5,1.04,606.34
1.57,7.1,51.7,same_day,22,0,0.93,178.32
35.91,22.6,43.5,normal,20,5,1.45,799.29
13.2,15.2,63.5,same_day,20,2,1.15,586.21
13.46,2.2,10.2,same_day,6,5,1.24,509.44
36.56,14.3,29.2,same_day,23,5,0.51,483.87
25.03,1.8,23.9,normal,16,4,0.93,349.83
31.96,8.4,19.5,express,7,3,1.42,880.5
15.17,1.3,68.9,same_day,1,0,0.79,363.7
9.99,14.5,29.6,express,19,2,0.93,269.33
38.86,24.0,72.2,same_day,3,2,0.76,855.25
9.53,24.0,50.6,express,7,1,1.15,385.84
31.98,3.5,33.3,same_day,16,1,0.83,716.61
43.08,13.0,66.1,same_day,9,2,0.52,588.83
44.95,3.2,2.2,express,5,6,0.6,486.9
8.36,4.7,44.0,express,23,4,0.83,218.21
18.51,24.3,13.4,express,0,4,1.36,594.59
15.99,7.6,51.8,normal,19,0,1.23,338.66
40.08,23.3,26.9,normal,4,4,1.42,851.88
18.91,7.8,72.6,normal,8,3,0.86,272.09
37.82,5.8,40.5,express,14,0,0.99,708.2
33.13,14.8,15.6,express,6,6,1.08,767.85
31.23,13.5,39.9,same_day,19,1,1.37,1173.32
43.74,17.8,61.8,normal,21,1,1.14,704.06
8.85,16.8,61.1,express,9,5,0.79,244.8
29.73,18.0,43.2,express,6,0,1.33,861.47
17.02,4.5,55.2,normal,14,1,0.54,157.57
43.8,3.7,45.9,normal,9,6,1.22,753.95
13.35,0.6,74.1,normal,5,1,1.48,364.2
36.13,13.4,40.6,same_day,21,2,1.44,1329.93
4.53,5.3,25.6,normal,22,3,1.36,178.17
39.06,19.3,43.8,same_day,9,3,1.35,1344.63
42.73,2.5,48.0,same_day,13,4,1.12,1160.48
5.73,23.4,79.0,normal,11,1,0.57,120.52
7.94,24.6,60.8,same_day,21,1,1.47,573.22
1.3,18.0,29.3,normal,6,3,1.18,130.7
28.46,3.0,29.5,express,15,1,0.59,342.96
30.68,6.2,34.2,normal,19,3,1.47,687.13
11.57,1.0,78.4,same_day,16,2,1.45,618.27
38.22,14.2,52.3,express,12,4,0.76,614.66
44.1,3.3,46.7,same_day,21,4,0.96,1032.79
21.65,20.1,76.8,normal,9,1,0.76,297.2
32.06,22.7,41.2,normal,21,1,0.88,428.76
22.57,19.6,18.0,same_day,15,2,0.89,583.81
27.91,3.5,9.8,same_day,19,1,1.14,807.26
23.04,21.4,6.4,express,6,5,0.83,430.57
14.13,10.5,21.9,normal,6,0,1.34,336.14
38.78,12.0,55.3,normal,6,3,1.2,714.14
11.27,18.6,4.7,same_day,17,5,0.96,383.23
32.03,16.5,75.4,same_day,0,2,0.72,672.7
37.68,11.9,71.9,same_day,2,1,1.42,1387.07
9.44,3.7,77.2,normal,15,6,1.02,209.71
41.7,19.3,37.0,same_day,7,3,1.47,1659.86
26.73,6.9,17.0,same_day,17,3,0.62,443.96
21.9,10.0,54.6,same_day,0,0,0.91,609.8
31.2,13.9,28.8,express,4,3,0.91,588.11
44.22,7.7,57.9,normal,18,2,1.04,650.07
9.93,11.5,11.5,express,11,3,1.27,350.97
12.13,3.7,8.9,same_day,15,1,0.6,215.73
44.83,23.0,29.1,normal,20,2,0.58,375.47
37.62,6.4,64.5,normal,18,2,0.96,499.71
25.95,7.9,13.4,normal,18,4,0.91,356.72
40.86,13.9,22.1,same_day,20,1,0.83,896.78
32.53,9.3,62.0,express,9,3,1.18,795.55
12.37,11.8,44.1,normal,11,1,0.99,233.86
28.4,10.9,9.6,express,17,4,1.38,815.15
33.49,23.8,53.5,express,22,5,0.85,620.88
41.76,24.0,22.7,same_day,10,2,1.22,1367.4
6.74,10.5,43.5,same_day,2,3,1.31,407.31
41.51,15.0,74.0,normal,5,5,0.58,368.33
30.6,2.0,64.3,express,10,2,1.19,777.12
9.85,10.2,20.0,same_day,18,1,0.96,342.4
28.29,19.7,62.0,express,23,6,0.93,609.87
7.72,19.4,22.3,normal,12,1,1.45,274.75
5.23,7.4,4.4,express,12,0,1.42,259.79
36.48,9.2,6.6,same_day,15,6,1.1,983.04
43.04,10.2,56.2,normal,7,6,1.31,768.76
34.04,17.5,31.8,same_day,12,3,1.25,1142.8
42.1,5.1,39.6,express,5,6,0.83,647.77
15.71,20.4,7.6,express,22,3,1.47,610.87
9.5,18.5,14.5,express,6,5,0.51,155.8
20.33,11.1,11.1,normal,0,0,0.98,327.31
14.41,20.3,21.8,normal,1,4,1.07,303.33
4.97,20.0,61.2,same_day,9,6,0.77,262.28
29.48,5.6,33.1,express,14,5,0.74,427.68
31.63,8.8,73.7,express,13,3,1.13,763.97
16.99,18.4,25.2,normal,13,5,0.53,159.73
9.02,6.7,9.3,same_day,20,2,1.04,324.04
30.96,1.5,32.0,same_day,17,5,1.4,1073.34
40.91,4.2,28.2,normal,8,6,0.68,393.61
13.75,22.1,27.6,express,6,6,0.8,317.23
43.35,3.4,50.2,same_day,9,1,0.56,630.98
36.95,20.8,8.3,normal,11,3,0.93,488.55
20.17,24.4,30.9,express,9,0,0.59,282.7
40.37,17.8,15.0,normal,3,3,1.38,814.01
43.45,4.8,54.2,express,23,3,1.29,1141.79
39.89,17.0,52.5,normal,0,1,0.89,519.61
6.97,6.2,58.6,normal,10,6,0.74,125.88
32.72,16.3,41.8,express,22,4,1.25,878.36
8.17,24.4,34.5,normal,12,0,1.32,282.52
20.11,21.3,8.3,normal,21,3,1.34,470.73
28.68,2.2,58.2,express,11,5,1.35,791.28
27.72,8.1,6.3,express,17,5,1.01,567.24
30.99,10.3,17.7,express,0,3,1.5,985.01
1.66,9.9,3.0,same_day,10,3,1.48,234.77
10.34,13.0,27.0,express,14,1,1.48,463.51
33.06,6.4,5.4,express,18,6,0.74,496.49
41.44,14.9,32.7,same_day,21,5,0.6,671.39
35.47,7.2,52.3,normal,19,4,0.84,440.64
41.41,2.3,23.3,normal,15,5,0.86,499.11
26.33,24.7,50.8,normal,22,6,1.48,631.39
29.73,3.5,37.5,normal,17,5,1.1,457.73
32.63,24.6,22.5,normal,11,5,1.41,694.76
15.46,22.6,6.6,same_day,17,1,1.49,773.58
20.76,3.4,67.8,express,7,5,0.54,267.34
28.35,18.2,31.8,normal,14,3,0.66,280.5
21.38,14.3,26.8,same_day,4,0,1.42,908.53
34.07,21.1,71.2,express,13,3,1.19,919.33
14.08,14.4,66.1,express,5,4,1.3,497.98
22.66,4.4,71.2,normal,20,6,1.2,438.23
25.1,17.3,72.2,express,19,1,1.15,695.27
36.13,19.2,33.6,same_day,18,3,0.98,991.25
42.42,3.1,33.9,same_day,1,0,0.98,1020.09
20.91,19.4,68.4,same_day,7,2,1.2,779.3
41.03,10.2,6.2,express,18,1,1.32,1076.55
29.79,24.1,68.6,same_day,13,4,0.56,495.71
43.34,23.7,13.2,normal,2,0,1.45,948.47
36.39,4.0,42.9,express,14,2,1.03,711.48
32.95,10.7,41.7,express,17,4,0.57,397.36
2.64,6.2,45.7,same_day,22,5,1.11,232.92
37.66,18.4,64.9,same_day,19,1,0.89,891.56
13.32,18.8,52.7,normal,5,6,1.24,332.36
35.44,19.6,60.9,express,21,6,1.31,1020.96
11.62,6.2,1.1,same_day,20,5,0.65,233.23
20.7,21.4,46.2,same_day,12,1,1.17,775.12
29.96,9.7,72.9,express,1,4,1.48,944.22
44.03,19.4,72.9,same_day,8,6,0.95,1134.75
5.21,22.7,22.9,normal,16,0,0.68,118.1
11.35,9.9,79.9,same_day,15,0,1.45,663.38
21.56,23.1,72.4,normal,19,1,1.01,413.8
9.45,7.8,11.8,normal,13,1,1.42,267.25
2.89,16.8,47.9,same_day,11,1,1.43,379.74
38.46,22.0,17.0,same_day,7,6,0.92,895.1
3.86,1.2,31.0,same_day,14,1,0.57,118.34
18.08,3.0,14.5,normal,8,5,0.72,198.75
17.99,4.9,5.4,normal,16,3,0.76,209.88
26.93,8.0,4.1,normal,2,5,0.85,347.37
22.07,2.4,52.8,same_day,13,2,1.02,631.16
42.32,2.1,8.8,normal,13,2,1.3,772.8
41.2,23.1,22.4,same_day,23,0,1.02,1082.77
7.88,19.8,20.1,same_day,8,5,0.71,258.13
36.76,0.8,75.0,express,9,3,1.01,737.84
36.32,8.2,10.8,normal,4,0,0.95,488.33
1.86,17.8,28.1,normal,12,3,0.59,80
33.09,4.1,79.9,same_day,18,5,0.75,639.0
37.02,3.8,6.4,express,15,3,1.13,784.92
14.87,4.2,39.7,express,7,4,0.88,331.62
19.6,2.3,21.0,express,10,6,0.9,389.42
16.44,4.3,57.9,same_day,4,0,1.43,714.78
1.77,18.9,44.3,same_day,15,3,0.99,230.33
29.8,11.7,54.2,same_day,3,0,0.94,788.48
32.45,7.6,34.4,normal,5,2,0.85,399.89
5.94,12.5,19.4,same_day,10,2,0.65,179.78
29.28,15.0,52.9,express,22,6,0.57,354.29
15.54,17.5,30.2,express,13,2,1.43,595.25
1.79,2.6,13.6,same_day,14,5,1.5,226.89
22.01,10.5,20.4,express,18,4,1.49,686.3
18.17,18.8,28.7,express,1,2,0.95,410.07
2.21,10.6,62.4,express,5,6,1.06,198.92
14.52,4.6,50.0,same_day,4,5,0.71,332.36
30.18,9.7,48.8,express,12,3,0.64,391.09
24.4,23.5,4.0,normal,16,4,0.99,379.21
21.76,4.5,75.7,normal,22,1,0.93,347.72
13.97,13.1,71.0,normal,15,4,0.67,179.43
6.32,10.3,55.9,same_day,22,5,1.47,463.3
7.57,7.2,43.0,express,8,3,1.28,308.55
12.35,16.5,1.9,same_day,17,6,0.99,399.9
40.73,16.2,75.5,express,6,3,0.51,415.43
19.32,4.5,54.9,normal,12,2,0.87,269.13
7.88,7.6,42.9,express,17,5,1.44,363.13
10.82,18.1,62.5,same_day,8,2,0.5,224.56
9.35,21.7,47.9,normal,3,3,0.54,123.36
35.06,21.9,73.0,same_day,3,0,0.95,943.07
26.45,1.2,9.7,normal,18,6,1.1,400.17
26.65,17.9,60.5,normal,23,3,1.08,468.44
9.12,13.6,60.7,normal,20,0,1.4,304.94
21.92,11.9,53.0,same_day,6,3,0.94,637.04
10.62,20.9,44.4,express,4,6,0.71,251.89
13.54,12.4,33.7,same_day,0,2,0.72,342.02
42.73,19.3,58.0,express,8,0,0.58,537.44
44.57,19.2,23.9,same_day,15,2,0.92,1090.49
20.07,15.9,37.5,express,21,0,0.54,245.59
38.31,13.0,52.9,normal,8,6,0.9,519.24
23.79,7.9,67.2,same_day,11,2,0.64,424.79
36.11,14.1,75.4,normal,7,1,0.73,387.34
10.71,10.7,14.1,same_day,9,0,0.9,330.16
11.06,15.0,46.2,normal,22,0,1.24,305.39
28.64,14.6,13.2,express,22,6,0.65,382.09
7.59,1.7,46.9,express,10,3,0.68,163.01
40.96,12.5,34.3,same_day,10,4,0.64,657.89
28.66,2.5,9.0,normal,6,6,0.67,281.04
40.63,10.6,35.8,normal,6,3,0.93,524.83
13.07,23.8,25.7,express,15,1,1.26,464.09
29.12,13.2,63.1,same_day,20,4,1.18,944.78
31.06,22.8,2.9,normal,10,5,0.77,359.49
1.8,21.8,64.5,express,17,3,0.71,140.07
2.11,17.1,2.1,normal,16,4,0.88,92.94
3.79,10.2,56.3,same_day,3,1,1.36,337.72
27.95,1.4,26.0,same_day,9,2,1.28,901.27
3.21,2.9,2.8,normal,10,0,1.06,100.95
24.39,6.3,69.3,normal,14,4,1.35,517.26
4.22,22.8,63.4,same_day,21,3,1.36,421.83
15.48,16.1,65.5,express,21,3,0.74,316.99
9.33,10.8,20.1,normal,5,4,1.14,223.94
40.02,10.9,10.1,express,16,3,0.62,471.86
29.07,12.9,23.8,normal,3,0,0.74,316.27
44.75,12.1,57.4,normal,12,1,1.43,900.03
8.17,17.9,37.7,express,9,4,1.23,359.44
33.62,16.5,52.0,express,5,3,0.88,601.72
29.47,8.2,39.5,express,10,3,0.99,611.34
7.13,21.9,77.1,normal,17,4,1.14,236.31
10.0,7.9,49.2,express,22,6,0.8,238.48
42.55,16.5,49.8,express,9,3,1.25,1042.32
4.74,23.5,40.1,same_day,3,5,1.1,355.09
5.41,12.9,33.6,normal,10,6,1.33,218.86
20.95,14.2,56.7,normal,2,3,1.25,441.91
42.61,6.2,50.6,same_day,23,6,1.07,1118.47
4.82,11.6,48.3,normal,15,2,1.17,183.65
9.51,4.6,49.5,normal,23,5,0.93,187.67
6.76,8.5,22.7,express,21,6,0.84,193.94
24.61,23.5,19.7,normal,10,0,1.04,436.48
7.16,17.0,42.5,express,8,3,0.62,168.92
33.38,6.0,76.5,same_day,0,3,1.01,919.4
10.78,20.0,69.0,normal,9,3,0.67,169.86
21.59,8.2,41.1,normal,21,4,0.6,210.38
7.89,12.6,29.6,normal,19,2,1.29,227.08
1.35,13.4,15.4,express,18,0,1.45,207.28
19.93,12.5,15.5,normal,0,2,1.48,491.66
36.99,12.0,14.6,express,6,2,0.93,664.79
42.5,6.4,34.6,same_day,4,2,1.11,1197.38
40.53,8.2,47.6,express,10,4,0.52,426.2
16.12,22.7,1.7,normal,17,6,1.12,331.64
33.91,6.4,65.0,normal,19,5,1.01,507.44
14.19,9.6,4.2,same_day,23,6,1.06,456.68
1.51,22.8,52.6,express,23,6,1.24,237.51
27.48,13.7,57.8,normal,23,2,0.52,218.07
9.94,11.5,43.1,express,23,6,1.12,343.35
42.27,19.3,73.3,express,16,6,1.37,1169.99
5.61,16.1,7.9,normal,12,6,1.26,189.91
40.4,6.9,17.6,same_day,5,2,1.19,1162.98
17.9,21.2,21.4,same_day,2,2,0.58,332.44
40.64,16.9,27.7,same_day,5,1,1.39,1531.92
27.03,10.9,4.7,express,0,1,0.68,381.57
36.52,11.9,74.5,same_day,18,6,0.64,656.02
25.31,22.7,43.9,normal,23,2,1.28,522.35
5.19,6.0,32.0,normal,23,6,0.9,131.21
16.7,24.4,78.3,same_day,23,4,1.29,786.44
35.83,13.9,1.2,express,18,0,1.19,817.47
3.11,16.1,61.1,same_day,7,2,0.86,228.93
26.46,22.2,73.8,normal,13,0,0.93,436.25
27.73,10.8,6.4,normal,17,4,0.97,379.73
38.42,20.7,24.5,normal,9,0,0.89,482.62
14.51,8.7,7.6,same_day,23,3,1.4,613.59
40.92,4.2,72.2,same_day,22,5,0.76,770.76
14.59,19.5,65.8,same_day,3,6,1.42,760.05
40.27,23.5,63.5,normal,8,2,0.93,554.68
2.02,23.8,49.1,same_day,0,0,0.6,155.41
38.29,4.4,53.6,express,23,2,0.69,526.24
16.64,4.7,24.2,express,1,5,0.52,201.83
7.45,9.2,79.7,same_day,14,4,0.89,324.36
19.34,12.6,39.0,express,13,3,0.77,349.95
2.4,1.7,5.8,express,0,6,1.28,149.82
9.75,13.8,13.5,express,16,0,0.78,215.79
18.65,2.9,15.7,normal,14,2,1.07,319.33
38.11,21.4,50.7,express,13,2,1.17,960.61
28.05,23.5,67.0,same_day,16,3,0.82,688.04
26.79,3.8,11.4,normal,22,3,1.16,441.09
11.91,0.7,18.8,same_day,12,2,0.84,296.13
41.52,8.8,72.4,same_day,17,3,1.0,1101.8
19.82,24.4,54.8,normal,19,1,0.59,224.62
8.93,23.2,4.0,same_day,8,6,0.56,197.22
40.19,3.8,75.4,same_day,14,0,1.32,1342.33
12.66,20.0,41.5,same_day,12,3,1.34,649.1
21.34,13.5,30.4,express,4,5,1.24,621.73
27.62,19.0,71.7,express,7,4,1.28,825.65
38.5,3.1,29.4,express,2,0,1.03,752.18
42.56,14.7,12.4,express,12,2,1.06,897.54
37.16,19.5,17.6,normal,4,6,0.8,442.95
1.4,18.2,68.3,express,5,6,0.99,182.25
21.4,18.4,6.8,normal,17,2,0.65,233.07
31.59,0.9,24.7,same_day,4,1,0.59,470.45
12.75,21.8,73.6,same_day,20,0,1.01,510.65
10.76,2.9,58.0,normal,0,4,0.65,137.1
9.74,4.2,42.1,normal,21,1,1.33,268.3
41.64,21.0,66.4,express,19,5,1.23,1071.38
13.2,18.0,24.3,same_day,4,0,1.29,589.76
40.34,10.4,4.4,express,4,2,0.76,589.2
11.98,22.0,22.9,express,0,2,0.73,244.37
35.99,17.3,41.0,same_day,9,0,0.74,729.34
34.59,13.2,23.1,express,16,2,1.12,818.52
13.56,23.7,25.7,same_day,6,6,0.76,365.91
32.15,15.3,1.5,express,14,3,0.83,528.9
21.03,15.5,8.4,same_day,0,0,0.89,563.8
19.88,7.0,30.9,normal,5,1,1.05,336.62
2.61,21.0,23.9,same_day,20,4,1.13,286.09
21.75,11.0,33.6,express,23,4,0.51,248.12
13.0,13.0,73.1,same_day,12,3,1.12,560.16
20.19,2.9,62.2,express,6,6,0.93,420.87
42.69,3.1,15.4,same_day,21,6,0.78,785.25
23.95,2.0,67.6,normal,4,3,1.1,419.41
11.59,5.0,8.8,normal,12,2,0.85,176.1
34.94,22.2,72.3,express,22,5,0.6,480.69
38.61,21.2,11.6,normal,10,6,0.57,312.89
42.03,18.3,41.0,same_day,17,4,0.97,1044.4
21.41,18.5,5.9,normal,17,4,0.8,279.43
23.53,21.8,63.2,express,5,2,1.19,687.51
18.02,15.8,16.0,same_day,5,6,0.76,435.28
40.51,12.8,51.1,normal,15,0,0.52,294.47
4.68,7.6,62.0,express,16,2,1.12,228.82
3.07,17.2,52.8,same_day,22,2,1.08,273.79
43.43,12.5,49.3,normal,14,4,1.35,864.19
30.07,23.6,66.4,same_day,2,1,1.03,889.56
42.08,12.3,59.9,express,16,6,1.21,1029.06
8.11,23.2,39.4,normal,9,1,0.7,152.13
23.94,1.9,52.3,same_day,0,6,0.78,540.68
4.74,18.7,49.1,same_day,11,5,0.8,238.48
6.78,13.7,75.3,express,3,3,0.62,163.26
33.02,23.6,79.9,normal,19,4,1.38,748.43
32.17,7.2,39.0,express,11,3,1.34,868.34
2.27,18.6,10.4,express,9,0,1.09,177.61
44.76,13.7,78.4,express,12,3,0.56,527.47
39.86,3.3,43.8,same_day,3,1,1.13,1104.83
36.96,7.3,55.5,normal,9,1,0.88,456.1
38.33,5.9,3.7,same_day,0,3,1.39,1276.81
18.34,2.7,17.2,normal,17,2,1.36,388.56
12.65,21.1,68.6,express,2,1,0.66,260.84
27.96,24.0,13.1,same_day,12,6,1.07,821.25
31.6,17.1,30.5,express,8,5,0.76,508.57
6.01,16.5,20.4,express,4,2,1.43,332.91
17.57,8.0,65.7,normal,5,3,0.75,239.18
7.37,1.0,26.8,same_day,2,3,1.13,310.45
9.17,24.8,54.0,express,11,3,1.2,396.46
5.25,11.9,17.9,same_day,11,5,0.58,150.25
16.38,1.0,22.7,normal,10,3,1.42,383.73
28.16,22.3,2.8,normal,7,1,0.55,229.48
6.13,13.9,35.7,express,20,3,1.05,239.66
32.26,1.8,9.2,same_day,11,6,0.74,616.73
4.01,7.6,53.8,same_day,8,5,0.56,135.96
29.26,23.6,76.5,same_day,8,1,1.27,1167.53
39.41,24.5,76.9,normal,15,6,0.71,446.23
29.99,5.2,21.9,normal,7,1,0.5,223.05
6.64,22.9,59.1,normal,3,2,0.91,187.67
20.86,3.3,39.6,normal,8,4,0.69,234.45
6.15,22.5,52.2,express,9,4,0.91,238.23
24.83,3.4,66.8,express,2,4,1.0,557.83
33.67,12.8,7.7,express,17,5,0.95,671.08
35.0,5.9,47.0,normal,13,2,0.69,345.54
34.37,3.5,14.3,normal,16,2,1.21,586.89
21.12,20.0,10.4,normal,4,2,1.33,463.03
34.12,9.5,65.7,normal,1,4,0.82,435.6
27.36,19.2,60.1,express,23,2,1.02,609.79
14.81,19.1,30.6,express,13,6,0.68,276.27
1.06,20.0,46.2,normal,17,5,1.06,127.7
33.58,15.8,74.6,express,18,5,0.98,734.81
22.73,20.7,69.3,same_day,8,2,1.07,748.0
29.24,4.4,21.6,express,1,6,1.34,753.14
44.38,13.1,46.8,express,20,2,0.94,808.99
20.74,21.2,19.8,normal,13,0,0.76,254.81
10.87,2.7,53.3,normal,11,5,1.17,236.3
19.3,18.0,41.1,express,12,5,1.47,727.47
19.68,13.3,54.2,express,11,1,0.84,416.44
29.5,6.0,65.7,same_day,22,1,1.15,897.34
29.98,12.6,41.7,express,3,1,1.39,904.21
28.95,16.7,29.2,express,15,6,1.39,840.43
40.53,4.8,20.3,normal,5,5,1.43,819.98
11.32,8.0,25.2,same_day,5,5,0.95,358.45
9.95,17.3,39.4,normal,10,0,0.75,175.04
29.59,9.2,74.9,same_day,10,5,1.26,997.3
43.84,19.7,76.3,same_day,10,6,0.64,748.73
43.41,16.0,15.5,express,5,4,0.7,570.81
5.64,7.5,79.4,normal,16,6,0.78,128.03
7.54,23.0,67.1,same_day,10,3,0.5,197.08
28.47,2.6,41.8,same_day,10,2,0.9,650.85
5.95,10.2,78.4,express,16,4,1.3,342.51
8.92,2.2,17.5,normal,23,4,0.86,139.95
1.12,20.3,71.3,express,7,5,1.35,265.28
15.31,23.3,48.7,express,1,6,1.4,591.62
40.01,23.5,73.0,same_day,1,1,0.89,942.19
39.18,6.0,5.9,express,21,6,1.42,1084.75
29.66,15.0,35.6,same_day,20,2,1.1,874.51
23.3,15.0,19.2,express,7,6,0.75,374.91
15.33,16.1,71.0,normal,20,6,0.83,262.12
37.08,19.6,1.8,normal,13,5,1.3,706.34
10.43,17.8,61.2,express,23,6,1.39,489.34
38.62,2.0,18.7,express,2,2,1.13,823.47
30.02,11.5,67.9,normal,14,1,0.56,261.6
5.97,17.5,60.1,normal,6,0,1.14,223.04
11.21,6.9,7.0,express,11,4,1.07,303.9
44.84,1.5,39.3,normal,23,2,1.44,881.55
30.51,8.8,60.0,same_day,8,6,1.43,1199.26
39.13,19.2,69.3,same_day,13,5,0.75,801.0
30.33,1.3,28.1,same_day,1,5,1.21,939.25
21.07,15.6,5.9,same_day,19,4,0.87,553.33
13.33,21.1,6.2,same_day,23,2,1.31,576.67
37.34,10.4,2.4,express,2,5,0.62,451.07
20.77,22.9,71.7,normal,10,5,0.84,311.11
25.47,24.4,42.3,same_day,14,4,0.55,421.19
41.22,7.0,5.9,normal,17,6,0.73,413.17
36.85,21.2,12.9,express,7,6,0.73,555.57
17.66,17.3,3.4,normal,14,5,1.26,384.57
27.04,22.3,71.3,express,0,2,0.61,385.35
34.75,5.3,33.0,same_day,15,4,1.11,958.52
24.08,18.6,14.6,normal,12,0,0.93,359.46
11.27,17.5,33.7,express,11,1,0.57,185.65
40.54,22.7,62.0,express,3,3,1.26,1093.42
19.8,1.3,51.5,express,0,4,1.35,624.34
27.33,24.7,13.8,express,18,5,1.15,686.56
3.37,9.8,57.7,express,20,1,0.73,147.87
36.76,16.3,42.6,same_day,11,0,1.01,1011.66
5.84,6.3,6.1,express,19,3,1.18,220.51
8.27,2.6,44.7,express,5,4,1.03,250.27
34.71,4.5,49.1,normal,4,0,1.49,746.56
43.62,6.0,64.6,express,13,0,0.99,838.04
32.29,6.6,69.7,normal,9,3,1.09,541.55
5.36,9.0,67.4,express,4,6,0.95,225.39
8.64,5.9,21.2,express,1,4,1.42,354.57
41.97,3.7,42.7,normal,1,2,0.89,517.63
37.73,22.3,59.3,same_day,13,1,0.52,536.09
1.06,14.5,68.6,same_day,15,2,0.74,175.58
27.49,16.9,23.9,same_day,6,6,1.01,741.21
44.88,22.7,10.2,same_day,13,3,0.93,1106.59
40.71,18.1,19.1,express,18,3,1.48,1262.86
40.59,9.9,77.2,normal,13,6,1.0,570.56
5.58,2.2,8.3,normal,12,6,0.87,103.94
36.84,12.7,44.5,express,23,0,1.31,1015.81
30.02,16.7,3.6,express,6,2,1.02,654.17
25.8,10.5,75.2,same_day,7,4,1.08,822.59
31.43,1.6,32.3,same_day,2,5,1.37,1092.02
41.9,19.3,46.5,normal,16,6,1.29,793.26
6.23,18.9,19.1,express,5,5,0.76,182.06
38.78,6.9,19.2,same_day,2,6,1.28,1273.55
41.91,24.1,13.6,normal,23,5,1.4,846.15
44.78,3.3,31.6,normal,18,2,1.02,634.57
7.41,19.0,57.4,express,7,5,0.93,273.28
32.94,3.3,73.3,same_day,1,6,1.04,954.9
8.51,5.2,57.1,same_day,17,6,1.07,377.32
5.69,15.6,47.5,express,1,1,1.42,359.19
43.6,8.5,30.4,normal,22,2,1.44,884.86
38.98,10.3,28.6,normal,6,4,0.93,520.51
16.58,13.6,5.6,same_day,19,2,0.56,294.33
14.65,24.5,10.2,same_day,8,1,1.29,620.06
21.03,24.3,26.4,normal,1,0,1.07,386.99
39.15,9.2,73.8,same_day,18,1,1.02,1068.42
19.46,17.7,29.8,normal,1,3,0.76,242.46
35.77,5.7,17.9,express,12,1,1.3,867.9
18.07,0.6,55.8,normal,0,6,0.78,238.93
28.74,13.5,56.2,express,17,2,0.68,407.17
4.02,20.6,30.1,normal,16,2,1.26,202.99
30.8,20.8,46.2,normal,3,3,1.14,568.09
33.17,20.6,11.8,express,21,5,1.0,715.3
35.88,10.2,71.5,normal,5,1,0.99,523.78
38.73,13.7,49.5,same_day,10,3,1.3,1353.82
6.56,22.3,50.4,express,22,0,1.39,398.52
11.12,13.2,37.5,same_day,20,3,1.47,597.57
38.14,6.6,5.1,express,21,5,1.03,786.08
1.11,5.0,22.2,same_day,17,0,0.53,80
41.08,5.7,1.3,express,12,0,1.42,1121.23
10.69,0.7,18.2,normal,10,4,0.59,111.53
23.83,13.6,54.8,same_day,17,3,1.22,884.62
34.98,9.4,24.9,same_day,15,4,0.77,705.3
3.51,12.9,7.9,same_day,10,5,0.68,150.45
34.43,2.8,15.7,same_day,12,6,0.65,529.81
13.66,22.1,49.2,express,15,0,1.42,566.95
28.38,8.9,17.3,same_day,15,6,1.09,846.0
17.94,12.1,38.4,normal,9,6,0.53,164.92
11.07,0.8,30.1,same_day,13,4,0.63,235.33
23.79,17.8,20.7,express,17,3,0.99,551.05
11.91,10.2,20.2,normal,22,6,0.77,179.34
18.28,18.4,22.5,normal,15,5,0.54,167.17
28.5,3.6,12.3,same_day,6,1,0.88,625.22
29.39,4.7,27.6,express,22,2,0.72,410.54
43.67,22.8,34.2,express,2,5,1.31,1166.66
44.44,22.3,27.0,normal,6,6,1.37,889.97
7.41,23.3,12.9,normal,0,0,1.34,258.8
31.72,5.0,19.6,same_day,15,4,1.2,1000.74
41.13,2.7,55.3,normal,23,5,0.7,392.3
12.58,16.2,70.6,same_day,10,6,0.69,334.48
16.94,11.9,49.4,express,5,4,0.63,279.06
22.91,16.5,12.2,same_day,18,0,0.91,610.7
29.27,13.6,79.5,same_day,17,6,1.36,1154.19
25.39,16.3,2.8,normal,9,0,1.37,520.53
10.7,23.8,1.5,express,6,1,1.36,424.67
38.15,11.8,20.6,normal,20,1,1.22,683.61
2.57,6.1,68.1,express,1,2,0.53,90.79
5.32,22.4,56.9,same_day,21,0,1.47,481.02
6.35,20.9,70.2,express,11,5,0.87,249.97
33.77,6.8,26.9,normal,0,1,1.17,548.58
41.82,22.4,47.5,same_day,10,1,1.14,1297.78
8.33,5.5,15.8,express,14,6,0.52,118.59
12.72,5.4,38.6,same_day,9,3,1.26,550.06
44.73,2.2,69.6,same_day,11,5,0.51,574.85
8.8,5.3,79.5,same_day,10,2,0.54,207.89
18.2,22.8,73.0,normal,23,3,1.35,461.79
16.62,18.2,42.0,same_day,7,1,1.16,657.01
29.49,5.5,10.9,express,2,5,0.92,519.92
31.87,22.7,6.4,express,0,6,0.54,352.63
43.4,16.9,36.1,express,7,1,0.67,559.23
4.06,8.5,64.1,express,23,4,0.74,154.84
20.05,22.0,63.3,express,22,6,0.8,409.11
29.62,4.0,46.6,same_day,10,2,1.44,1091.4
44.9,20.2,13.1,normal,9,0,0.56,347.76
22.39,0.8,78.6,same_day,0,5,0.94,580.83
35.42,13.8,39.1,express,1,3,1.44,1074.02
16.79,5.9,51.7,same_day,16,3,0.52,266.46
24.27,17.3,1.4,same_day,4,5,1.41,909.49
2.05,13.4,35.7,same_day,2,4,0.94,192.73
21.2,14.9,50.5,express,23,0,0.52,253.04
24.79,19.6,21.8,normal,1,6,0.54,210.5
7.42,16.3,31.6,normal,7,1,1.07,196.44
11.92,16.1,12.7,normal,2,5,0.77,181.6
21.29,14.5,5.9,normal,16,0,0.97,342.97
32.19,21.0,43.2,same_day,16,0,0.59,536.09
36.65,6.0,2.4,same_day,1,6,0.5,450.2
33.15,24.7,64.0,express,23,5,0.89,673.12
20.73,4.8,4.7,express,11,1,0.59,258.87
7.21,21.1,34.4,normal,15,4,0.97,191.06
37.53,0.7,38.9,same_day,1,2,0.77,712.98
22.95,3.0,79.6,express,8,6,0.9,458.39
26.92,23.6,60.9,normal,9,5,1.41,631.56
4.02,1.6,19.9,express,22,0,1.39,220.18
2.36,14.4,17.2,same_day,22,0,1.13,241.89
41.35,3.0,7.2,same_day,12,1,1.43,1382.06
42.44,3.9,60.0,normal,11,5,0.72,413.99
13.1,15.6,60.4,normal,7,3,1.21,313.52
27.31,4.5,24.0,same_day,19,3,1.16,810.69
41.45,9.8,60.7,express,7,0,1.48,1191.71
38.86,12.7,68.0,express,10,3,1.0,793.07
10.13,22.9,72.3,express,10,3,1.34,480.23
19.07,22.0,69.0,express,11,0,0.85,418.09
41.97,0.9,77.4,same_day,15,1,1.02,1124.44
26.33,15.7,73.1,same_day,16,6,1.4,1058.3
15.85,7.8,79.9,same_day,2,3,1.2,611.58
7.12,8.7,62.5,express,4,4,0.63,169.48
37.36,11.7,68.5,same_day,17,6,0.78,798.78
2.44,4.5,1.8,same_day,16,5,0.97,159.7
25.33,21.3,61.2,same_day,10,0,1.27,982.06
44.34,3.8,42.1,normal,13,2,1.46,861.53
42.23,4.2,22.2,same_day,9,3,1.35,1406.54
18.7,2.5,47.0,express,21,2,0.85,368.9
7.7,4.2,43.7,normal,5,0,1.19,213.51
4.4,24.9,24.3,same_day,19,5,1.04,308.98
27.7,5.4,42.0,normal,5,5,0.68,268.93
36.4,20.7,46.0,express,17,0,0.87,667.75
10.28,18.2,27.4,normal,10,4,0.69,149.71
34.98,16.2,60.9,express,2,5,1.47,1097.36
13.76,18.5,72.4,same_day,18,3,1.43,721.44
5.94,6.7,19.7,normal,22,4,1.2,166.04
20.09,16.0,63.6,normal,3,4,1.41,510.37
26.99,11.1,56.7,express,15,4,1.37,820.94
24.7,10.7,64.4,same_day,10,5,1.39,972.91
22.06,20.0,31.8,express,12,5,1.32,687.84
7.15,17.3,40.4,same_day,4,6,1.26,450.84
26.14,12.8,74.8,same_day,1,3,1.14,899.86
1.91,11.3,58.5,express,15,2,0.66,113.08
9.6,11.7,79.3,same_day,12,3,0.7,280.88
22.74,9.3,25.9,express,0,6,1.09,514.28
32.6,20.7,71.1,express,20,1,1.38,951.48
39.16,13.7,24.1,express,0,6,1.02,836.24
6.23,18.8,78.9,normal,12,2,1.05,204.8
27.35,8.3,38.1,same_day,8,5,0.98,723.77
42.14,7.2,69.1,normal,16,3,1.17,685.67
13.42,0.6,71.6,normal,8,3,1.33,314.57
13.5,11.0,1.0,normal,23,2,1.32,314.49
18.98,12.1,38.9,normal,8,4,1.12,371.33
31.63,2.2,12.3,normal,17,2,0.81,365.6
20.62,17.6,49.1,normal,3,5,1.21,412.87
16.89,17.7,63.2,express,14,2,1.01,450.45
44.32,14.0,19.1,normal,12,2,1.0,620.77
29.92,11.0,79.8,same_day,22,4,1.43,1159.46
36.84,3.0,15.0,same_day,16,1,0.78,728.1
5.04,23.1,4.1,express,2,6,0.69,148.34
34.04,4.5,23.2,same_day,22,6,1.26,1049.39
30.55,23.0,62.3,normal,7,3,0.66,319.88
6.32,10.7,11.2,same_day,20,0,1.04,274.02
30.18,18.4,39.7,express,8,3,0.51,340.97
11.03,3.5,55.3,express,23,1,1.09,318.43
23.19,10.9,23.4,normal,11,0,1.44,537.42
33.14,21.5,79.7,express,14,4,1.49,1114.37
18.67,10.1,66.2,same_day,19,6,0.53,316.34
20.09,1.9,28.0,same_day,3,4,0.93,527.81
44.05,18.4,73.2,normal,23,5,0.89,568.52
40.37,3.6,45.0,normal,0,5,1.19,669.01
28.95,22.0,21.0,normal,23,3,0.97,434.62
7.2,4.8,58.4,normal,15,2,1.0,169.32
11.85,0.8,65.7,same_day,9,3,1.29,509.79
8.84,20.4,63.7,same_day,18,0,0.82,351.87
16.83,6.6,56.2,normal,19,0,0.68,199.59
34.42,21.5,2.2,same_day,6,2,1.15,1079.14
13.38,8.7,49.8,normal,16,0,0.52,126.87
6.93,0.9,31.7,express,14,0,0.66,133.42
21.44,14.9,58.8,express,1,4,0.91,483.7
30.69,8.6,24.9,normal,6,0,0.78,333.52
12.46,9.5,72.6,express,12,3,1.12,380.41
12.05,4.2,39.2,normal,15,2,0.59,136.34
2.21,21.2,69.5,express,19,3,1.49,306.28
16.74,1.5,35.3,express,14,4,1.21,444.86
41.52,15.4,24.3,same_day,5,3,0.54,585.99
28.4,23.7,24.9,same_day,4,3,0.88,740.18
23.81,7.3,63.9,same_day,9,4,1.38,958.22
29.48,13.5,55.1,same_day,1,0,1.15,985.1
2.45,22.8,66.9,same_day,11,4,1.4,399.73
40.43,20.8,75.7,normal,9,6,0.72,422.32
35.65,8.4,50.3,express,8,0,0.62,462.01
28.05,10.6,29.4,normal,21,2,1.23,544.74
24.31,8.8,64.4,normal,23,1,1.4,522.53
34.55,11.3,51.3,same_day,14,6,1.39,1283.5
43.2,22.4,44.5,same_day,14,1,0.56,651.92
12.81,20.3,67.9,express,14,1,1.37,508.35
34.99,1.1,72.3,express,5,2,1.03,709.81
44.74,18.4,2.9,normal,4,5,1.2,765.59
13.68,15.3,79.0,express,9,3,1.06,420.27
25.67,18.6,54.6,same_day,13,3,1.47,1133.63
27.3,18.8,62.8,express,13,4,0.82,532.12
1.48,2.0,32.3,normal,4,6,0.74,80
23.13,21.3,9.1,express,20,4,1.08,552.17
4.53,10.3,38.9,same_day,4,5,0.76,194.5
6.68,12.4,48.2,normal,4,0,1.03,186.39
13.4,15.5,17.0,normal,12,5,0.56,146.42
22.99,7.8,39.3,same_day,9,0,1.3,839.74
18.46,20.1,37.7,same_day,10,1,0.6,364.49
13.83,7.4,64.8,express,3,5,0.79,297.95
31.56,0.8,52.1,normal,4,4,1.24,552.05
16.82,3.7,50.4,express,17,6,1.21,488.14
4.81,12.5,65.8,same_day,1,4,0.97,280.6
38.8,1.0,36.5,normal,14,2,1.11,603.78
43.99,12.8,71.1,normal,21,1,1.1,715.72
7.52,22.8,4.6,normal,4,4,0.95,177.72
43.08,23.3,62.6,same_day,20,4,0.95,1056.08
9.69,6.3,62.7,same_day,8,0,0.9,325.68
32.4,0.8,29.7,express,13,4,1.41,918.98
43.09,14.4,23.5,normal,1,3,1.11,654.98
29.5,19.4,24.6,same_day,9,6,0.84,690.82
9.95,22.1,20.0,express,14,1,1.09,345.54
23.38,13.6,34.8,normal,6,5,0.6,219.9
42.57,1.1,22.0,normal,23,4,1.06,622.8
25.4,11.6,43.7,normal,9,3,1.09,418.24
4.64,13.3,4.3,express,23,1,1.28,248.92
4.31,12.7,35.9,express,2,6,1.48,313.19
14.06,3.4,30.6,same_day,19,0,0.84,352.57
35.07,23.5,55.9,express,9,4,0.59,458.49
42.26,16.0,36.2,same_day,19,1,0.6,631.54
14.86,5.5,29.5,normal,6,4,1.0,245.53
28.93,12.5,7.5,normal,20,2,1.04,450.64
17.44,6.7,38.5,same_day,3,2,1.31,683.26
10.62,3.2,13.1,normal,14,0,1.15,218.7
32.32,19.2,57.5,normal,8,0,0.93,492.23
12.69,3.7,5.6,same_day,6,0,0.64,241.41
1.4,13.7,44.0,express,0,2,1.04,170.33
16.93,0.5,59.8,express,19,5,0.62,250.99
20.25,6.3,59.1,express,7,2,1.33,594.45
39.13,17.2,66.1,express,7,5,0.89,708.55
10.3,2.3,50.0,same_day,3,5,1.04,370.57
30.13,3.1,34.7,same_day,14,0,0.67,524.13
3.07,12.4,74.2,express,1,0,0.99,199.36
16.14,20.1,32.7,normal,12,2,1.41,411.59
43.07,21.9,66.9,normal,8,4,1.28,817.98
1.09,0.6,22.9,normal,23,6,1.48,108.5
40.04,21.6,15.1,normal,6,1,1.02,603.43
29.04,23.4,19.9,same_day,19,2,0.78,633.2
37.41,8.5,53.1,same_day,16,5,1.49,1434.57
39.02,7.6,57.3,express,1,2,0.89,688.48
6.78,10.9,8.0,normal,8,5,1.48,224.07
36.41,24.8,47.9,express,11,6,0.71,545.29
15.05,14.6,41.5,same_day,20,5,0.79,400.02
39.45,11.7,50.5,express,16,0,1.43,1186.72
28.68,15.9,30.1,same_day,3,4,0.69,525.7
41.3,18.6,39.4,normal,8,0,0.93,563.7
5.87,17.3,67.2,same_day,10,6,1.37,455.7
9.75,13.4,10.7,normal,17,2,1.45,292.06
24.44,18.7,32.7,express,14,4,0.62,328.66
4.87,18.4,17.0,express,20,3,0.99,219.47
11.71,22.9,34.8,same_day,1,3,0.55,250.2
32.79,24.9,71.7,same_day,23,3,0.86,852.77
37.7,8.7,47.5,normal,9,3,1.25,691.73
40.92,2.8,28.0,same_day,19,4,0.75,775.55
13.48,12.7,72.6,same_day,13,4,0.59,290.97
9.05,24.2,3.7,express,8,4,1.18,340.68
33.22,8.7,50.9,express,19,1,0.96,687.83
34.26,12.2,11.2,normal,6,2,1.11,532.69
11.73,5.8,65.9,same_day,8,4,0.95,416.48
35.03,15.4,54.6,normal,0,6,1.05,575.92
10.05,13.3,7.0,same_day,11,0,1.3,448.84
8.44,17.2,72.0,same_day,18,5,0.94,362.51
27.25,8.0,61.7,normal,3,2,1.05,458.85
12.63,18.5,17.2,same_day,7,0,1.4,621.86
43.15,22.4,30.2,normal,22,0,0.78,492.91
6.66,16.4,12.0,normal,7,1,1.4,247.66
39.5,22.0,51.5,same_day,18,1,0.94,963.27
32.11,7.1,21.9,same_day,0,2,1.34,1090.99
24.52,14.1,41.5,express,16,0,0.67,351.45
29.21,14.4,48.7,normal,22,1,1.26,546.71
27.52,17.6,56.7,same_day,3,1,1.19,989.06
26.35,11.6,35.4,same_day,9,1,1.18,871.28
2.58,16.2,10.3,normal,6,6,0.52,80
18.38,6.6,71.7,express,20,1,1.19,531.34
34.15,1.9,55.3,normal,21,2,0.78,392.48
44.87,15.6,13.0,same_day,8,1,1.31,1424.69
24.15,4.1,5.6,express,16,1,1.08,547.75
38.21,0.7,56.6,express,10,6,1.39,1059.01
6.06,2.8,48.1,express,13,6,0.51,107.93
43.82,15.7,57.0,same_day,3,3,1.05,1232.08
39.29,18.8,72.0,express,7,3,0.73,585.82
35.11,22.7,56.1,normal,4,5,0.55,289.1
30.42,15.7,19.8,same_day,12,4,0.61,526.01
22.42,11.9,11.2,same_day,15,3,1.25,796.73
35.6,19.8,16.9,normal,2,6,0.95,502.5
2.41,11.5,7.3,same_day,17,1,1.14,217.03
6.79,16.8,74.2,express,18,3,0.92,262.29
10.9,14.0,27.4,same_day,17,2,0.98,382.76
19.78,21.1,45.7,same_day,12,3,0.53,344.28
16.5,2.5,32.5,normal,10,2,1.45,393.75
34.57,22.8,49.9,express,16,6,1.49,1148.15
12.21,19.1,66.9,express,19,0,0.61,227.94
26.41,13.6,10.0,express,23,5,1.35,755.6
33.68,0.7,63.0,same_day,3,3,1.05,881.25
11.55,8.5,54.6,same_day,4,3,1.19,506.95
36.56,13.4,34.8,normal,22,5,0.65,346.41
7.61,15.8,67.9,same_day,7,3,1.33,490.82
2.97,2.4,49.3,express,19,4,0.67,112.78
39.42,5.4,76.1,normal,19,4,1.07,588.61
4.77,20.1,35.1,same_day,3,3,0.71,203.43
25.3,12.0,61.4,normal,4,0,1.15,467.2
3.68,18.3,77.1,normal,16,6,0.87,152.27
12.23,4.8,59.1,normal,16,6,1.02,252.22
24.38,23.2,5.6,same_day,8,5,1.01,698.23
24.69,19.9,52.4,normal,21,1,0.68,282.53
18.28,4.8,78.8,normal,13,0,1.4,432.55
41.19,13.3,17.6,same_day,4,1,1.12,1126.87
23.31,15.0,22.1,normal,2,4,0.77,275.71
6.28,0.7,49.5,express,22,1,0.83,180.15
22.61,14.9,63.4,same_day,5,3,1.02,703.59
19.86,13.1,19.8,normal,5,1,1.37,465.14
30.44,6.9,15.9,same_day,23,0,1.08,876.81
10.78,10.7,69.1,same_day,18,1,0.55,242.02
12.62,6.5,54.2,express,12,4,1.12,385.34
42.77,3.0,47.6,same_day,14,2,1.34,1447.83
21.24,8.9,13.6,normal,17,6,1.06,354.36
12.57,6.2,56.0,same_day,9,2,1.2,499.29
32.97,15.3,27.4,express,1,5,0.75,509.32
12.98,13.8,31.5,normal,9,6,1.34,334.81
7.32,16.0,51.1,same_day,2,0,1.08,388.64
5.39,12.1,55.6,normal,7,5,0.56,92.45
7.18,4.9,52.6,express,2,2,0.84,205.97
28.01,13.1,65.1,same_day,2,2,0.66,522.4
37.84,10.6,25.6,same_day,16,4,1.19,1196.91
19.47,2.2,69.7,same_day,4,4,0.59,350.28
32.85,5.1,39.8,normal,6,3,0.81,384.39
12.41,16.1,67.3,express,16,3,1.05,393.29
19.26,23.3,17.4,same_day,11,0,0.72,414.62
5.61,18.3,64.3,express,16,3,1.05,271.43
12.34,24.1,71.6,same_day,15,1,0.53,258.59
20.94,13.9,62.7,same_day,21,4,1.4,874.99
3.71,24.3,11.0,normal,22,3,1.02,151.63
25.17,9.0,1.4,normal,14,0,1.0,353.12
11.61,20.3,53.5,express,17,0,0.85,306.09
32.68,23.9,33.7,express,9,1,1.45,1056.64
13.65,12.8,13.1,same_day,2,0,1.11,514.38
14.94,20.3,58.3,normal,11,6,1.07,318.26
34.88,18.0,14.4,normal,18,1,1.21,621.08
27.23,6.7,24.4,normal,15,2,0.63,252.93
18.22,0.6,28.3,normal,21,6,1.13,309.7
2.82,5.5,68.8,express,9,0,0.53,99.09
8.01,14.7,16.7,express,15,3,0.87,219.27
16.88,4.3,15.2,express,0,6,1.04,381.11
25.98,17.4,69.3,express,7,2,1.31,789.94
32.57,18.2,28.4,same_day,3,5,1.47,1241.46
6.01,19.9,42.3,normal,23,6,1.01,186.78
39.7,7.5,56.6,same_day,14,0,0.52,521.55
5.1,19.2,26.1,same_day,17,6,0.91,269.99
33.14,16.6,54.0,same_day,22,1,1.27,1197.44
2.22,11.1,4.4,express,2,1,0.7,96.25
2.89,16.0,31.9,express,3,2,0.93,164.07
17.58,1.5,56.6,express,16,5,1.47,622.47
10.32,14.5,7.5,same_day,15,4,0.96,352.45
39.52,12.6,56.4,express,8,0,0.81,674.62
10.56,5.5,18.5,express,19,4,1.13,304.85
6.89,9.2,40.6,normal,18,3,0.52,91.75
38.21,1.7,70.2,same_day,2,6,1.17,1103.37
34.46,24.1,52.6,normal,2,6,1.26,667.59
16.23,24.1,76.7,same_day,21,0,1.19,711.63
30.17,6.2,69.6,normal,4,3,0.61,267.24
7.72,24.9,68.1,express,10,0,1.1,339.94
36.63,17.3,39.6,normal,12,2,1.12,620.01
5.57,11.4,5.0,express,19,1,0.92,181.8
8.14,21.8,38.0,same_day,20,5,1.43,528.21
41.44,11.4,67.8,normal,0,1,0.62,359.92
30.08,15.2,65.0,normal,13,6,1.11,512.32
38.82,4.1,20.7,normal,23,2,1.23,666.85
16.25,4.9,24.5,normal,15,3,1.15,317.28
39.32,6.8,36.3,express,20,2,0.78,616.83
31.78,12.6,21.1,normal,10,6,1.12,543.79
33.5,20.2,59.5,normal,13,1,1.06,579.79
5.6,15.8,5.8,same_day,22,4,1.25,325.04
37.42,16.5,18.4,same_day,10,3,1.49,1388.74
14.29,9.4,17.0,normal,19,0,0.79,205.62
23.75,3.3,77.1,express,5,5,1.0,529.7
6.7,14.1,77.4,same_day,8,1,0.78,272.85
23.97,1.8,75.0,normal,17,1,1.33,514.82
21.35,5.7,53.7,express,22,1,0.84,419.19
22.38,8.9,58.4,normal,6,2,0.65,247.53
44.25,11.0,64.7,express,23,4,1.04,894.95
44.1,8.3,18.9,normal,20,1,1.21,699.94
33.14,8.4,48.6,express,18,1,1.07,716.97
1.39,3.4,58.8,normal,18,2,0.6,80
19.03,6.0,49.9,same_day,8,6,1.08,613.44
4.87,11.7,56.6,express,11,4,1.26,288.76
22.0,10.0,33.9,same_day,4,5,0.87,522.69
13.1,3.4,51.0,express,6,6,1.15,381.45
3.31,5.4,3.7,express,4,3,0.52,80
11.19,2.5,13.6,same_day,13,5,0.65,228.46
33.55,4.5,47.5,express,1,1,0.79,523.72
33.62,9.2,62.2,express,8,5,1.35,987.72
10.19,2.5,79.5,express,9,3,1.18,352.98
39.62,15.9,2.5,same_day,1,2,0.84,844.85
5.51,9.8,26.2,same_day,12,1,0.52,136.06
25.58,15.7,17.7,same_day,19,0,0.59,420.25
34.52,19.6,52.8,same_day,10,0,1.28,1265.49
21.05,5.2,31.4,same_day,10,4,0.66,406.3
12.87,12.2,41.7,same_day,20,4,0.73,321.02
25.57,21.7,10.2,express,23,5,1.23,732.03
6.18,10.6,74.0,normal,12,2,1.09,192.93
23.19,21.3,5.1,same_day,18,5,1.04,693.01
35.13,21.4,32.1,same_day,17,3,0.78,735.08
13.45,15.1,27.5,same_day,7,6,0.68,318.52
16.39,10.5,34.1,express,3,1,0.79,319.53
40.06,16.6,55.7,same_day,6,4,1.26,1361.74
3.13,3.8,58.9,same_day,16,5,0.94,201.36
8.96,5.9,66.0,same_day,18,0,1.24,473.71
32.09,6.9,61.3,same_day,7,3,1.46,1202.0
26.48,24.5,11.9,normal,16,2,0.52,228.5
39.84,3.3,39.1,same_day,21,3,0.88,843.18
19.36,8.0,77.1,normal,22,3,0.61,213.42
28.92,3.3,12.4,same_day,12,2,0.66,468.05
7.18,3.5,10.5,same_day,18,6,0.99,268.65
9.26,19.5,53.9,same_day,0,0,1.15,481.06
36.06,24.0,44.4,same_day,5,4,0.99,991.28
5.5,13.1,7.9,express,15,4,1.03,203.31
6.66,21.1,25.4,same_day,1,4,0.79,265.63
19.46,19.2,56.5,same_day,2,0,0.78,499.06
44.56,8.4,34.1,same_day,2,1,1.12,1260.65
8.16,11.7,31.2,normal,17,3,1.23,240.87
36.55,11.8,55.9,express,1,4,1.01,757.77
27.71,9.1,6.6,same_day,16,5,1.14,837.94
33.43,3.3,64.2,express,14,2,0.72,498.24
30.1,16.4,68.8,express,12,1,1.05,738.03
36.69,18.1,2.3,same_day,7,3,1.14,1040.14
11.93,11.5,23.4,same_day,7,3,1.08,432.21
24.07,15.2,71.2,normal,21,5,0.56,233.55
18.15,14.4,26.2,normal,9,2,1.22,361.51
25.12,12.6,30.0,express,4,6,0.72,407.33
7.77,24.1,77.3,normal,9,6,0.54,121.66
27.65,2.7,43.0,express,7,3,1.29,769.63
6.95,4.1,33.0,normal,0,5,0.84,129.86
17.22,14.8,36.8,express,18,0,0.8,344.81
43.06,23.8,29.2,same_day,0,2,1.34,1520.58
8.52,7.3,42.1,normal,2,0,0.77,139.2
40.08,17.3,72.1,normal,23,1,1.44,885.98
10.43,11.9,61.1,express,11,3,0.98,305.17
30.64,3.3,12.1,same_day,2,5,0.56,434.31
13.75,16.2,18.3,express,3,2,1.2,415.05
3.11,4.5,75.4,express,21,6,0.75,145.79
17.26,1.5,13.7,same_day,16,5,0.65,312.85
37.93,15.6,47.7,express,12,1,0.66,496.08
35.85,22.3,29.8,same_day,20,5,1.01,1003.76
11.12,2.9,14.1,same_day,14,1,1.3,448.54
5.28,10.1,35.1,normal,13,6,0.83,122.57
29.0,12.5,77.3,normal,6,2,0.56,250.97
24.7,24.2,68.8,express,12,0,1.18,683.11
39.58,12.4,35.6,same_day,5,2,1.49,1570.08
39.71,10.6,26.9,express,2,6,1.25,979.65
1.8,4.9,60.6,same_day,0,1,1.04,212.67
42.57,9.1,29.8,express,12,1,1.39,1155.59
16.28,4.2,33.2,express,15,5,1.33,480.53
10.01,13.2,42.0,normal,17,2,0.76,157.43
14.63,18.8,62.6,same_day,14,4,1.02,546.59
39.11,2.5,20.8,express,2,0,1.27,944.1
31.23,1.0,14.4,same_day,17,5,0.87,667.04
30.63,9.2,63.7,same_day,19,5,0.9,726.37
27.26,23.1,40.8,express,16,6,0.88,553.77
21.9,22.1,37.8,same_day,6,0,1.42,917.87
6.54,13.2,76.1,same_day,16,2,0.83,300.8
36.92,13.2,64.3,express,0,2,1.19,955.89
40.95,12.6,11.7,normal,5,4,0.83,461.72
23.88,18.8,50.4,normal,7,0,0.55,211.11
19.38,10.2,66.9,normal,12,0,0.71,230.89
41.03,19.4,33.1,normal,5,3,1.26,720.09
6.38,8.3,62.2,express,6,0,1.16,274.55
31.5,24.2,32.8,same_day,22,2,0.87,790.3
36.93,17.4,77.1,normal,20,1,1.16,643.82
8.45,24.9,7.5,same_day,12,2,1.37,502.19
10.57,5.4,36.2,express,0,4,1.01,292.53
28.02,4.2,78.0,normal,5,2,1.21,516.07
15.69,7.8,79.2,normal,12,5,1.11,316.8
38.38,17.9,13.7,normal,21,0,0.58,324.47
33.73,18.7,39.7,normal,3,3,0.82,431.57
31.16,22.5,63.8,same_day,3,4,0.96,906.64
44.05,20.1,13.2,normal,14,2,1.43,910.89
21.65,6.2,79.4,express,6,4,1.17,567.95
37.98,4.9,22.2,same_day,5,5,1.13,1058.33
1.77,15.0,40.7,same_day,12,4,0.57,125.73
22.4,5.7,38.3,normal,2,0,0.95,340.73
6.4,9.2,34.9,normal,0,4,1.2,199.18
19.25,23.8,75.1,same_day,14,6,0.59,373.16
42.56,23.1,70.5,normal,0,5,1.19,778.31
4.09,6.0,13.7,express,15,3,1.22,191.57
16.83,1.1,63.3,normal,20,3,0.81,225.24
44.81,21.3,23.1,normal,19,2,0.98,632.76
29.89,6.8,48.6,normal,12,4,1.01,463.39
22.93,17.3,55.8,same_day,21,4,1.16,809.59
18.4,23.0,63.9,normal,14,5,0.88,303.95
29.03,21.9,30.9,express,16,4,1.25,785.56
43.37,0.6,28.4,same_day,15,2,1.28,1409.4
17.69,9.8,60.9,express,8,0,1.18,541.29
32.21,6.4,78.2,same_day,4,0,0.98,818.7
22.15,3.4,18.7,express,0,2,0.57,258.74
23.62,6.7,15.2,normal,18,1,1.2,417.75
21.4,8.8,24.4,express,11,5,1.23,568.17
9.63,18.8,23.8,express,1,2,0.75,232.58
34.33,1.2,60.6,normal,3,3,0.52,253.94
15.79,15.3,20.6,same_day,18,2,0.52,271.64
3.3,4.7,3.4,normal,1,0,1.17,116.37
24.34,17.4,49.3,express,13,4,0.51,300.14
1.73,1.4,2.9,same_day,2,3,0.84,112.87
33.21,21.3,51.7,express,2,3,1.16,798.84
44.99,15.1,61.2,same_day,10,1,0.88,982.63
29.45,18.3,51.3,same_day,1,2,1.28,1039.15
11.81,3.9,72.8,same_day,15,6,1.34,580.18
32.35,3.0,66.6,express,23,2,1.48,975.64
43.74,15.2,55.7,same_day,4,3,1.1,1205.51
17.64,13.3,55.0,same_day,14,0,1.2,695.1
7.37,11.2,47.4,express,6,2,1.06,272.59
23.82,6.5,11.3,normal,12,0,1.14,405.28
25.86,23.7,10.5,normal,17,5,0.61,244.87
33.22,19.4,14.6,same_day,3,4,0.63,589.05
11.9,18.5,3.7,express,3,4,0.98,322.51
31.75,19.5,36.1,normal,14,1,0.98,468.19
32.5,12.5,19.5,same_day,4,6,1.17,967.29
39.99,11.1,34.4,express,10,3,0.94,762.43
13.5,7.2,9.6,normal,17,1,1.41,331.67
4.58,8.4,74.7,express,3,3,0.52,118.7
30.17,7.4,28.6,same_day,4,5,0.65,517.87
30.24,18.1,44.2,same_day,0,5,1.25,1101.15
25.36,23.5,65.4,express,14,6,0.76,474.57
22.87,19.9,14.9,express,10,5,1.45,762.57
30.11,9.2,60.0,same_day,21,0,0.95,822.59
3.78,9.5,73.5,same_day,9,1,0.98,279.56
10.81,20.4,25.6,same_day,17,4,1.33,585.13
5.99,9.3,37.3,same_day,8,4,0.74,216.57
25.44,19.3,40.1,express,8,5,1.08,637.93
5.47,8.6,8.1,express,7,0,0.84,156.76
37.06,12.3,25.1,same_day,13,2,0.59,561.7
4.39,16.1,44.7,express,11,4,1.42,325.34
9.65,1.7,5.5,same_day,4,6,0.52,168.11
29.86,16.1,54.6,same_day,12,2,1.46,1244.41
12.02,13.5,20.0,normal,13,0,0.65,151.34
6.59,14.0,66.5,normal,10,0,1.11,214.72
8.21,21.2,70.7,same_day,9,3,1.46,613.36
19.41,10.8,77.6,same_day,17,1,1.39,870.01
34.05,9.1,33.0,same_day,13,1,0.61,539.14
6.27,5.6,33.9,same_day,15,4,0.66,187.22
6.55,22.4,71.6,normal,11,5,0.65,140.49
27.75,20.5,39.3,normal,17,3,1.03,475.99
13.93,8.1,8.4,express,0,6,0.77,263.1
43.07,18.9,62.6,express,21,2,0.55,488.14
37.24,12.6,78.2,same_day,13,2,0.73,727.0
3.32,2.0,28.4,same_day,6,2,1.01,199.34
16.83,17.9,18.0,same_day,3,3,0.92,473.09
27.88,18.3,12.0,same_day,20,0,0.74,570.16
30.82,5.7,55.6,same_day,3,3,0.97,818.83
42.38,20.1,66.1,normal,3,2,0.72,470.59
27.9,17.3,40.3,same_day,3,1,1.28,1005.35
15.5,24.6,6.6,normal,21,4,0.78,218.27
1.21,0.6,60.7,same_day,7,0,0.94,168.2
26.22,16.4,30.9,express,13,5,1.22,696.65
36.93,1.1,57.2,express,8,4,1.41,1072.95
19.69,23.9,4.5,same_day,10,2,1.01,629.95
7.88,24.2,46.4,express,3,3,1.18,371.17
10.9,2.3,36.7,express,3,3,1.26,369.77
29.23,9.4,12.3,normal,21,3,0.56,231.03
41.88,18.9,71.7,express,1,4,1.03,869.75
40.78,21.7,4.1,normal,14,3,0.69,398.59
16.63,7.4,70.1,same_day,2,5,1.02,552.97
23.82,14.0,54.3,normal,5,1,0.96,377.17
20.55,14.3,67.6,express,16,3,1.0,500.28
36.84,16.8,23.3,express,6,5,1.43,1035.87
1.01,14.6,46.5,same_day,12,4,1.04,217.62
20.5,20.5,33.8,normal,13,5,0.66,223.16
15.16,11.7,79.4,normal,20,0,0.63,186.71
26.7,20.2,11.5,normal,8,0,0.8,347.21
15.4,21.0,16.6,normal,3,6,0.55,154.71
4.55,17.6,8.3,express,21,4,1.37,285.45
26.24,13.4,70.3,express,12,1,1.34,761.25
4.21,14.8,29.1,same_day,13,6,1.44,359.21
33.01,1.4,19.0,normal,5,6,0.94,450.77
24.1,3.0,44.0,express,9,6,1.44,736.97
5.17,24.7,39.9,express,20,4,0.61,148.04
26.78,3.4,65.8,express,20,0,0.77,460.41
44.83,16.5,71.4,same_day,9,0,1.02,1178.32
39.27,9.5,78.4,normal,5,3,1.15,667.01
14.3,14.2,13.6,normal,23,2,0.97,244.03
27.94,6.5,2.5,express,1,0,0.57,306.14
3.97,19.2,29.6,express,21,6,0.69,151.19
17.53,7.4,68.3,same_day,13,3,0.82,450.68
30.96,5.3,70.9,normal,9,1,0.79,363.77
24.06,8.9,61.5,normal,20,5,0.73,273.9
8.2,3.1,39.6,express,4,3,0.93,225.92
12.83,16.4,8.1,express,0,1,0.61,207.07
3.22,4.8,38.7,same_day,4,1,0.52,107.7
22.17,0.7,45.3,same_day,13,3,0.66,410.87
39.92,16.2,7.0,same_day,4,2,0.95,993.67
12.95,10.3,42.1,express,8,2,0.58,200.24
27.57,8.1,12.7,express,7,3,1.25,674.53
11.32,10.6,53.2,express,3,1,1.21,406.02
21.64,17.3,50.1,same_day,12,6,1.35,854.04
5.75,6.8,68.4,same_day,17,0,0.79,244.56
18.25,1.7,27.3,same_day,13,0,0.94,507.8
21.89,9.9,79.0,normal,12,1,0.79,294.68
23.14,2.8,51.5,express,23,0,1.46,765.61
9.74,3.7,2.6,normal,9,3,1.25,218.01
39.41,19.0,32.4,express,20,0,0.82,634.94
22.11,4.3,16.7,same_day,16,1,0.66,394.15
22.54,19.8,53.7,express,0,1,1.09,606.53
22.35,9.6,74.1,same_day,18,6,1.1,728.15
31.28,11.9,66.6,same_day,12,1,1.26,1100.26
18.07,19.8,30.2,express,23,4,0.65,278.63
32.64,5.0,60.0,same_day,1,1,1.49,1325.37
5.73,22.8,66.2,same_day,23,5,0.75,273.64
42.09,16.9,17.9,express,22,5,0.98,831.16
38.29,15.1,13.6,express,4,2,1.21,889.21
11.38,24.8,52.0,normal,23,0,1.09,281.32
22.58,24.2,79.8,express,4,3,0.78,433.83
3.17,0.7,42.4,same_day,19,6,0.95,196.85
19.32,6.1,2.4,normal,7,1,0.99,298.8
32.38,9.8,1.7,same_day,9,6,1.43,1220.9
28.54,6.6,46.9,express,21,0,0.85,524.21
10.06,18.0,53.9,normal,7,0,1.07,240.03
9.52,14.3,57.8,express,0,0,0.73,234.82
16.67,13.5,32.2,same_day,11,4,1.23,650.41
36.39,1.1,36.8,express,6,1,1.29,946.82
41.98,23.7,42.0,express,2,3,0.84,749.23
33.88,7.8,74.6,express,18,0,0.97,703.64
15.75,1.8,40.1,express,3,0,0.8,285.02
32.63,11.1,64.4,same_day,22,0,1.04,929.39
31.58,18.4,6.8,express,12,4,1.24,804.39
25.55,5.6,4.7,normal,5,6,1.18,422.4
44.11,17.7,72.8,normal,14,3,1.04,690.41
24.49,0.6,34.4,normal,18,4,1.2,426.86
5.93,19.3,52.2,same_day,3,1,1.4,447.3
28.22,3.8,46.5,normal,12,3,1.21,487.11
14.83,8.1,59.1,normal,23,4,1.48,387.27
42.51,19.4,77.1,same_day,8,3,0.57,662.25
8.35,22.4,46.2,express,9,0,1.36,407.52
35.01,23.0,36.2,express,0,3,0.8,594.55
4.16,7.7,74.6,same_day,5,2,0.63,165.67
37.72,11.2,35.2,normal,10,3,0.68,371.98
27.24,4.6,29.3,same_day,6,3,0.96,662.98
37.49,8.9,34.6,express,13,6,1.04,795.3
19.02,14.5,49.9,normal,4,6,0.92,313.71
2.13,7.2,18.0,express,23,6,0.93,127.08
16.92,12.6,12.4,normal,2,3,0.53,145.3
1.98,23.1,19.2,normal,8,6,1.39,183.13
9.46,4.3,73.6,express,8,0,1.11,314.78
35.07,4.3,47.7,express,17,5,0.89,645.84
22.67,3.2,53.0,normal,7,1,0.71,263.83
12.15,19.8,9.2,normal,13,5,0.53,120.9
30.25,13.5,14.5,express,10,0,0.78,499.02
24.49,24.2,50.3,express,14,5,1.03,629.58
27.45,4.1,62.6,same_day,22,4,0.93,690.69
42.75,5.4,36.4,express,2,6,1.09,935.64
17.52,1.4,66.9,express,13,2,1.23,518.21
19.83,13.4,70.0,same_day,21,5,1.0,616.74
26.7,18.1,61.3,express,10,2,0.83,490.78
42.7,3.9,49.1,normal,20,4,1.0,574.89
32.36,3.4,45.1,express,7,6,1.07,706.53
21.03,0.7,64.1,same_day,10,5,1.24,769.54
23.35,12.3,52.4,normal,9,4,0.95,361.85
7.92,9.6,65.7,same_day,1,1,0.53,184.53
11.86,1.8,79.6,express,19,3,1.44,482.39
11.71,16.6,35.3,express,13,2,0.72,247.77
15.46,23.6,60.0,same_day,3,2,1.35,774.0
6.66,24.2,27.5,same_day,13,2,1.4,493.64
17.22,18.5,29.7,normal,8,1,1.12,340.13
14.66,3.6,68.1,express,14,3,0.82,291.47
24.9,5.2,8.4,express,10,2,0.79,387.85
14.04,14.5,52.7,express,17,4,0.74,297.49
19.67,10.2,76.8,same_day,23,4,0.67,425.87
23.22,17.0,74.9,normal,22,6,0.96,365.15
18.25,10.8,49.7,normal,19,2,1.09,327.9
11.1,21.2,72.1,same_day,23,3,0.86,424.39
43.43,11.3,71.2,express,15,3,1.09,963.56
2.89,5.3,71.9,express,20,4,0.98,178.57
24.12,15.6,75.4,express,13,3,1.49,825.93
16.99,20.3,25.3,normal,13,3,1.42,428.8
38.99,5.6,11.4,normal,20,3,1.41,734.14
15.12,22.5,23.9,normal,2,4,0.82,238.2
9.34,3.0,61.3,same_day,19,6,1.5,557.08
29.64,7.8,31.4,same_day,15,2,0.51,406.82
34.56,14.8,58.3,normal,5,3,0.8,424.69
13.07,13.8,21.1,same_day,5,2,0.54,237.58
31.27,3.1,29.3,normal,13,1,1.18,549.55
27.52,10.4,53.8,express,8,4,1.35,796.43
24.73,11.6,33.6,normal,22,4,0.82,320.83
42.35,8.5,6.7,express,10,6,0.5,405.92
25.36,23.2,41.5,express,21,2,1.2,686.9
38.79,3.2,60.8,express,7,6,0.9,694.12
24.45,19.0,14.0,normal,14,3,1.22,457.75
2.09,19.6,59.8,same_day,8,2,1.38,342.32
4.98,23.9,77.0,normal,3,2,1.27,243.16
44.94,15.2,24.2,same_day,6,0,0.67,761.75
41.01,10.2,19.7,express,14,3,1.22,954.01
12.46,18.8,59.5,normal,21,2,1.12,309.12
8.91,5.2,79.7,same_day,5,5,1.3,482.32
16.64,11.5,19.7,same_day,11,6,0.92,472.92
3.39,18.3,54.0,express,21,0,1.15,239.01
2.72,18.0,69.7,same_day,22,6,0.97,265.35
33.2,8.5,11.5,normal,10,6,1.21,596.32
12.64,19.5,12.1,same_day,12,6,1.25,570.43
15.75,16.7,51.1,same_day,10,1,0.88,454.84
33.15,13.3,48.1,same_day,22,2,1.39,1196.5
32.19,22.2,64.7,express,6,0,0.55,389.21
27.78,5.6,23.1,express,0,4,0.69,407.47
6.09,6.4,4.3,same_day,11,0,0.75,181.49
5.99,3.6,42.5,normal,16,2,0.93,145.94
10.97,0.7,46.2,same_day,7,4,1.27,453.45
16.41,10.1,26.6,same_day,8,1,1.31,635.52
15.53,21.3,12.4,normal,14,3,1.05,307.52
38.25,2.8,10.7,same_day,23,4,1.02,936.82
3.52,22.7,79.9,express,1,4,1.29,309.34
33.89,22.7,8.7,express,7,1,1.4,973.72
30.4,13.5,65.4,express,11,4,1.48,1007.47
34.18,10.6,54.2,express,3,2,1.22,846.72
32.8,5.9,2.3,normal,19,1,0.65,306.96
32.45,16.7,62.6,same_day,11,6,1.38,1311.55
33.49,23.0,79.8,normal,3,5,1.22,635.85
14.2,11.2,65.5,normal,4,3,0.58,154.92
5.17,4.1,51.0,normal,1,3,1.15,165.95
26.57,2.3,57.2,same_day,16,2,1.2,886.44
1.12,13.7,58.3,normal,3,3,1.48,183.74
26.44,4.9,48.8,express,10,1,0.86,493.96
9.94,5.4,26.0,same_day,5,0,0.55,194.01
38.46,15.8,47.6,same_day,4,3,1.41,1468.96
9.47,3.6,14.4,same_day,6,2,0.84,258.52
10.91,22.6,9.8,same_day,6,2,1.04,447.12
17.43,4.8,29.2,express,22,2,0.82,327.33
30.55,5.3,69.3,same_day,12,1,0.82,711.12
3.49,17.5,42.4,normal,23,1,1.33,206.13
39.25,14.2,46.6,express,17,1,0.79,634.13
6.16,19.1,64.2,same_day,21,1,1.08,380.24
27.25,15.3,67.3,normal,22,1,1.31,596.55
22.43,2.8,15.4,express,21,1,0.66,319.26
6.77,5.1,18.5,normal,10,0,0.94,146.95
15.93,19.1,32.3,same_day,18,1,1.01,513.21
3.0,10.9,8.6,normal,16,0,1.14,126.57
32.71,10.8,10.7,normal,2,5,0.88,394.13
23.17,5.6,6.7,normal,12,3,1.4,458.84
16.98,6.3,69.4,normal,2,6,1.23,366.16
23.42,11.0,67.4,express,1,3,0.57,319.62
16.69,22.7,66.8,express,21,4,0.96,432.96
20.75,7.6,69.8,same_day,5,2,1.34,831.7
44.96,23.8,55.7,express,12,2,0.54,498.19
15.49,11.3,76.1,same_day,12,0,1.49,785.32
14.96,16.8,74.1,same_day,18,2,1.16,650.03
26.91,21.5,69.0,same_day,0,3,0.93,740.43
35.5,5.5,15.1,express,22,6,1.37,928.4
44.96,16.0,40.2,same_day,14,4,1.47,1702.92
5.19,8.9,32.3,normal,12,3,1.29,190.55
16.13,7.2,8.4,normal,1,3,1.38,372.8
32.39,9.4,78.3,express,8,3,1.23,854.49
40.87,24.2,29.4,express,10,0,0.61,517.93
26.33,19.6,60.2,same_day,11,5,0.59,440.11
20.68,15.1,39.8,same_day,10,3,1.21,764.75
6.56,25.0,78.8,normal,12,3,0.82,172.9
29.52,19.5,54.3,same_day,5,6,0.79,663.92
44.99,2.7,20.9,same_day,18,1,1.02,1111.0
12.67,13.9,69.3,express,17,2,0.54,208.17
1.64,5.2,54.6,same_day,9,1,1.43,286.28
23.3,3.4,11.3,normal,6,3,1.04,372.35
21.55,17.2,25.8,express,13,5,1.13,550.82
32.2,2.2,4.3,same_day,23,4,0.88,708.47
3.83,20.3,30.3,normal,4,0,1.33,195.63
36.92,24.1,25.5,normal,15,1,1.19,677.81
34.8,19.9,63.2,normal,8,1,1.31,691.19
10.21,8.1,74.4,express,15,5,1.21,376.01
4.96,7.9,34.3,normal,19,2,0.59,83.88
14.75,9.8,26.8,normal,2,0,1.35,367.18
35.54,23.6,15.7,same_day,4,6,0.81,777.81
15.3,20.5,24.5,same_day,7,2,0.9,486.72
21.35,14.7,55.0,normal,16,4,0.93,321.11
3.18,14.5,78.4,same_day,6,3,1.5,416.37
1.33,8.6,11.7,same_day,20,5,1.27,208.04
42.4,14.6,20.5,same_day,15,5,0.58,647.37
28.15,7.4,70.5,normal,0,3,1.26,553.98
2.75,14.8,58.8,same_day,22,4,1.37,350.82
12.47,7.9,40.0,express,2,6,0.99,337.88
26.37,17.7,14.0,express,6,2,0.51,285.58
39.27,18.9,75.0,normal,14,3,1.18,684.15
34.64,18.8,76.7,same_day,0,6,1.43,1383.95
28.17,23.5,77.4,normal,17,1,1.09,513.88
44.99,24.9,32.3,express,21,6,0.95,905.06
29.37,17.8,15.3,same_day,7,3,1.39,1156.07
30.69,8.0,26.9,normal,15,5,1.25,566.28
40.67,7.2,38.0,normal,3,3,0.54,302.2
10.47,2.8,46.4,express,15,5,0.74,217.45
21.39,9.2,36.9,normal,8,3,1.26,435.72
12.15,12.8,57.1,express,15,1,0.77,272.12
3.99,6.8,62.7,normal,21,1,1.26,175.09
1.71,11.7,32.3,same_day,7,6,1.23,237.57
32.18,19.5,2.4,express,0,3,0.83,564.23
42.18,21.5,35.2,normal,14,4,0.67,432.63
12.29,17.8,73.4,same_day,14,3,1.44,706.62
7.5,1.4,49.4,normal,20,4,0.56,97.28
38.26,13.5,30.9,express,4,4,1.46,1150.93
37.41,19.2,62.0,express,6,3,0.93,713.7
40.45,1.2,73.4,express,9,0,0.81,668.47
3.93,19.5,57.4,normal,21,3,0.61,98.34
8.98,22.6,40.4,express,2,3,1.34,397.96
42.32,17.7,34.4,express,2,3,1.45,1201.55
30.48,18.0,2.3,normal,20,6,1.37,605.96
40.01,17.6,46.1,express,4,1,0.54,445.09
23.53,0.6,45.9,normal,14,2,1.12,417.79
6.17,14.3,54.7,same_day,13,0,1.32,441.31
26.3,16.0,44.1,express,20,4,0.52,319.88
17.24,2.4,2.5,express,16,6,1.2,421.63
33.32,9.5,48.2,same_day,18,3,0.91,803.72
7.82,8.1,50.8,express,17,4,1.2,301.48
32.87,6.6,17.5,same_day,9,2,1.44,1240.85
30.7,4.8,52.6,same_day,19,0,0.57,483.58
19.9,14.1,39.9,express,15,1,1.36,632.74
29.27,5.2,30.8,same_day,7,2,1.45,1110.06
25.35,3.2,55.4,same_day,7,0,1.34,922.28
7.2,1.1,23.4,express,5,2,1.36,280.12
3.86,14.8,42.9,same_day,20,5,1.41,382.29
30.76,2.6,51.6,same_day,19,2,0.74,616.36
28.79,13.9,33.5,normal,14,3,0.82,352.72
16.01,3.7,25.2,normal,21,0,1.44,374.3
40.22,23.5,31.8,same_day,6,0,0.73,788.85
26.76,1.1,65.2,express,15,6,0.64,368.82
15.95,8.0,44.8,same_day,20,4,0.67,353.31
23.15,17.6,46.9,express,11,6,1.35,748.79
24.24,8.7,11.9,same_day,3,2,1.04,705.74
32.51,14.2,77.1,same_day,15,3,1.48,1359.34
32.52,6.5,26.1,express,19,2,0.93,596.59
27.84,10.1,53.8,normal,22,6,1.07,468.96
28.09,20.4,6.9,normal,6,1,1.46,617.12
28.68,15.3,21.1,express,18,1,1.15,728.66
23.88,3.1,76.4,normal,7,0,1.02,401.05
13.52,22.0,12.5,express,0,4,1.25,460.37
40.79,9.4,19.9,express,14,1,0.7,573.57
43.44,4.3,53.9,same_day,23,3,1.01,1065.48
15.19,6.1,13.8,normal,7,2,1.44,358.66
11.73,18.4,71.2,same_day,22,1,0.57,265.45
44.07,21.5,1.3,same_day,14,4,0.91,1053.36
27.93,23.3,15.4,normal,20,2,0.91,407.3
42.19,6.0,27.1,express,11,6,0.74,597.11
20.02,5.7,42.4,express,21,4,0.64,276.06
31.33,3.5,35.9,express,3,4,0.92,556.49
18.17,18.0,26.5,express,23,3,0.56,240.28
9.19,7.1,27.7,express,0,5,1.35,343.33
17.42,9.6,9.5,normal,16,4,0.67,181.01
26.15,12.2,35.0,normal,4,5,0.56,231.82
28.3,2.6,23.3,same_day,6,2,1.21,903.97
16.0,14.4,77.2,normal,0,2,1.07,330.91
34.57,3.5,9.1,same_day,22,4,1.33,1128.11
33.1,19.0,51.5,normal,9,5,1.12,585.97
29.03,13.4,38.8,express,15,5,1.39,903.29
38.39,1.9,53.2,express,11,2,1.19,871.84
34.48,18.9,68.4,normal,23,4,1.11,595.8
10.47,4.1,37.1,express,0,5,1.48,405.57
7.1,9.3,63.9,express,4,6,0.99,256.03
37.62,14.6,6.9,normal,21,6,1.48,768.58
15.7,22.3,21.5,normal,6,4,0.63,186.06
41.25,19.4,48.1,same_day,14,5,0.7,773.41
7.32,4.3,50.4,same_day,8,2,1.14,348.05
6.92,16.7,67.9,same_day,10,5,0.88,307.1
28.3,14.7,55.0,same_day,8,6,1.08,888.58
40.96,19.0,52.0,normal,3,3,0.52,327.66
5.43,21.1,7.1,same_day,17,6,0.97,283.14
30.46,13.6,22.3,same_day,3,4,0.85,665.81
24.85,18.2,20.4,same_day,14,5,1.19,837.39
31.22,21.3,73.2,normal,23,4,1.19,609.32
5.04,20.2,63.0,express,19,6,0.57,143.37
42.17,22.9,79.2,same_day,13,2,1.31,1496.49
42.38,19.4,11.6,same_day,9,5,1.49,1565.25
7.21,5.3,61.2,express,9,4,0.72,179.46
10.11,1.0,5.7,same_day,15,3,0.97,319.33
41.53,12.7,40.1,normal,12,6,0.92,519.77
12.51,23.2,38.9,same_day,21,1,1.14,543.58
24.69,6.9,39.8,normal,6,0,1.33,521.63
17.6,20.3,77.7,express,15,4,1.03,484.75
21.45,11.5,72.5,normal,16,2,1.28,478.79
27.86,7.4,51.2,express,4,1,0.8,490.2
19.05,7.1,41.6,express,11,2,1.08,451.84
23.69,1.6,9.4,same_day,5,2,0.89,562.85
12.52,1.2,4.3,normal,4,6,0.95,202.19
25.54,22.5,6.6,normal,12,2,0.58,244.34
40.98,10.5,15.7,normal,19,2,0.65,363.59
6.25,2.7,16.9,normal,8,1,1.04,139.46
10.93,17.9,75.2,express,1,0,1.49,507.05
7.28,4.1,66.6,same_day,23,6,0.73,231.31
12.85,15.3,45.2,same_day,1,4,1.43,645.76
23.0,16.8,78.9,normal,9,0,0.87,357.02
35.44,17.9,59.7,express,1,6,1.18,932.24
5.68,6.5,70.7,same_day,23,4,1.14,332.54
21.45,2.5,54.4,normal,8,5,0.95,321.76
28.83,6.8,6.2,express,13,1,1.41,804.1
42.61,17.3,71.9,normal,1,6,0.71,450.9
43.15,9.4,67.0,express,9,6,1.19,988.56
33.07,8.7,17.8,same_day,0,2,0.56,484.47
1.53,12.3,6.3,express,22,5,1.04,139.89
31.8,3.8,13.9,same_day,21,6,1.33,1062.59
7.52,9.0,16.7,same_day,17,2,1.28,377.26
29.84,13.1,26.3,normal,7,3,0.76,345.21
41.34,13.8,53.9,express,0,1,1.46,1200.11
9.8,15.9,2.7,same_day,19,3,1.22,424.63
1.72,0.9,7.9,same_day,16,5,1.41,199.83
7.94,19.3,57.4,same_day,10,1,0.53,202.11
7.88,8.6,34.2,normal,5,6,1.5,262.46
21.32,14.3,32.1,normal,10,1,0.79,272.23
40.13,6.2,12.1,express,21,5,0.61,469.46
42.55,6.1,6.4,normal,12,0,0.58,329.29
29.05,8.8,61.3,same_day,13,4,0.53,419.1
13.46,4.7,47.9,normal,12,2,0.81,200.09
35.84,21.8,28.9,normal,21,2,1.2,661.81
16.28,1.3,7.2,normal,5,1,1.25,311.32
16.75,11.9,9.5,same_day,16,6,1.24,599.09
22.3,11.6,58.4,same_day,13,4,1.25,802.44
7.51,19.4,2.8,normal,18,4,0.59,104.11
3.69,8.6,35.6,express,8,5,1.43,250.94
4.6,24.0,20.4,same_day,9,1,1.1,326.68
39.28,12.5,10.6,normal,21,0,1.28,709.3
22.49,12.8,48.4,normal,7,5,0.57,213.37
8.26,21.7,56.7,same_day,9,4,1.32,548.62
31.08,13.3,68.9,express,22,1,0.69,475.87
44.09,22.7,58.1,express,18,6,1.11,1027.48
42.61,2.3,8.7,express,23,4,0.63,518.95
37.98,8.8,68.4,normal,18,3,1.27,728.33
30.05,24.2,8.5,normal,13,1,0.71,331.36
14.71,8.0,64.4,same_day,3,0,0.57,290.62
31.18,17.1,52.1,normal,11,0,0.55,279.26
2.37,8.2,15.0,express,18,1,0.81,119.3
27.95,23.5,66.1,normal,13,3,1.1,496.99
16.44,13.7,21.8,same_day,1,4,1.13,592.0
42.73,16.4,17.5,normal,3,2,0.83,497.16
30.97,13.3,10.8,express,12,3,1.03,641.99
41.17,3.1,51.3,normal,8,6,1.4,776.21
14.21,1.5,58.3,same_day,5,3,0.93,403.59
32.51,9.0,41.9,express,20,0,0.67,459.58
23.29,8.8,48.2,same_day,10,1,1.11,704.73
13.29,20.9,71.6,normal,9,1,0.54,161.76
28.27,3.6,57.6,express,9,3,1.37,828.56
3.95,0.9,3.1,normal,7,5,0.87,84.36
38.5,22.2,14.0,same_day,9,3,1.49,1461.83
17.4,7.3,66.4,normal,7,2,1.13,357.07
5.26,16.5,36.8,normal,10,5,0.56,92.77
38.35,19.3,9.4,normal,20,5,1.23,662.33
37.36,5.1,7.7,express,8,1,0.65,453.01
19.98,16.1,37.8,normal,10,4,1.27,427.96
25.18,17.1,37.5,same_day,16,4,1.48,1125.13
33.8,10.8,23.8,same_day,9,3,0.85,769.2
5.97,14.9,16.0,normal,20,1,0.7,113.12
4.52,3.2,9.7,express,23,3,1.07,170.28
15.93,6.1,76.3,normal,20,1,1.36,390.68
20.73,24.6,30.5,express,17,4,1.16,614.76
8.5,16.3,57.1,normal,8,3,0.9,192.44
36.92,7.3,68.2,same_day,11,1,1.33,1293.73
23.71,12.2,17.6,normal,5,3,0.99,376.4
23.8,17.0,77.0,normal,4,4,0.52,213.65
37.49,6.2,26.5,normal,16,2,1.09,559.73
21.23,6.6,17.5,same_day,18,0,0.81,497.91
41.23,11.8,50.2,normal,5,1,1.25,750.23
43.95,15.7,28.3,express,3,3,0.9,771.51
11.15,19.2,57.8,normal,23,6,1.35,355.89
44.8,17.5,21.9,express,2,2,1.28,1114.05
25.29,10.4,31.2,normal,8,5,1.19,441.53
17.19,8.5,59.2,same_day,0,4,0.65,349.27
5.07,4.8,4.9,same_day,7,5,0.84,187.0
12.66,9.0,25.8,same_day,5,4,0.85,339.96
31.47,1.3,40.9,same_day,3,6,1.1,904.18
41.23,7.0,16.9,express,9,2,0.55,439.64
21.72,7.1,25.8,express,17,3,0.69,330.49
38.47,18.2,74.1,express,12,6,1.25,1013.86
11.34,23.6,64.6,express,21,0,0.9,334.86
14.26,14.5,69.9,express,20,0,0.54,217.61
8.01,14.6,74.1,normal,10,0,1.4,283.63
37.98,10.6,32.3,normal,3,3,1.25,682.32
32.32,2.4,33.0,express,13,1,0.79,509.78
7.24,4.2,26.0,same_day,15,3,1.18,342.83
20.64,9.8,53.3,same_day,18,1,1.08,655.85
16.77,3.3,20.4,same_day,0,5,1.49,692.82
15.69,16.2,44.1,express,10,1,1.21,505.86
3.52,16.6,63.0,normal,10,4,0.93,140.42
36.23,22.6,34.4,same_day,15,4,1.01,1030.0
1.92,3.1,57.0,express,16,0,0.96,147.45
26.25,18.2,18.3,normal,0,1,1.42,569.46
44.52,10.6,46.9,same_day,23,6,1.01,1086.95
16.9,23.7,58.9,express,15,4,1.06,464.85
26.49,10.9,56.0,same_day,16,3,0.58,422.95
33.76,9.4,42.3,same_day,19,3,0.73,628.01
28.91,22.1,35.7,normal,20,6,1.26,572.62
28.24,9.7,73.6,same_day,12,0,1.32,1017.5
20.97,9.8,9.4,express,8,2,0.54,245.15
4.55,5.0,7.2,same_day,8,6,1.35,282.04
3.27,9.6,30.2,normal,15,3,0.84,104.73
26.79,4.4,46.9,same_day,6,2,1.01,758.44
14.16,21.1,26.8,normal,18,5,1.46,413.26
19.5,6.6,11.1,express,9,2,1.49,659.6
2.51,15.6,61.6,express,3,6,0.78,151.14
29.86,4.0,61.5,express,5,2,1.11,719.22
21.05,10.5,32.3,express,9,1,1.09,500.5
30.74,7.9,9.8,normal,17,0,0.52,223.05
42.04,5.7,5.4,express,5,0,1.1,906.65
4.49,20.4,43.7,express,19,4,1.24,298.04
27.22,2.2,49.3,normal,22,5,0.97,396.16
18.18,17.7,41.3,express,4,0,0.95,428.23
4.35,2.9,49.6,same_day,0,5,0.83,195.12
25.83,6.6,23.3,normal,14,1,1.19,459.44
15.45,18.2,46.2,same_day,21,2,1.1,556.5
7.09,6.9,64.1,express,17,1,0.9,217.13
40.57,10.6,70.4,normal,19,1,0.7,405.88
29.32,5.6,36.9,same_day,0,2,0.59,447.22
39.53,14.6,47.4,express,23,5,0.68,525.19
41.01,15.5,2.4,express,10,5,0.57,475.36
10.52,15.3,74.7,normal,11,4,1.46,372.92
33.41,8.2,76.8,same_day,17,6,1.41,1247.95
24.91,7.5,16.1,normal,10,3,1.05,409.49
44.93,14.4,2.3,express,14,1,0.56,461.85
17.3,13.9,63.1,same_day,5,6,1.32,720.19
5.97,19.8,63.9,same_day,9,0,0.92,323.7
13.24,13.1,75.5,express,6,1,0.75,282.03
27.22,2.5,5.1,express,21,3,0.92,500.8
18.01,21.3,17.6,express,11,1,0.73,309.58
13.42,2.0,54.9,same_day,19,1,1.33,582.39
27.1,14.1,6.8,express,12,3,0.52,297.25
29.31,23.1,23.4,same_day,1,3,1.14,958.86
41.51,18.0,57.7,normal,15,2,0.86,516.19
36.68,24.5,28.5,express,20,0,1.15,849.5
13.1,21.2,70.9,normal,15,4,0.86,240.48
42.74,5.8,43.3,express,9,6,0.71,611.13
3.82,2.0,19.5,express,14,5,0.59,89.2
19.8,12.0,76.9,normal,13,2,0.84,293.75
9.04,17.9,61.0,normal,21,6,1.38,315.45
25.36,12.0,28.2,normal,2,2,0.96,363.3
6.21,8.3,2.2,express,6,1,1.16,224.2
38.33,12.6,76.3,express,20,6,0.57,439.33
24.65,12.4,64.7,normal,5,6,0.99,400.41
15.49,24.1,74.0,same_day,17,5,0.53,309.51
10.69,3.2,25.6,express,15,4,0.81,218.19
30.78,11.2,76.4,express,15,2,1.33,889.65
23.99,21.8,78.0,express,2,5,0.92,549.0
30.61,17.7,55.8,normal,8,4,0.69,337.77
29.98,20.1,19.2,same_day,19,1,0.56,478.38
12.3,18.2,52.5,same_day,3,0,1.38,617.75
12.71,2.4,30.2,same_day,9,1,0.75,298.83
34.85,6.1,38.0,normal,21,3,1.37,663.42
15.56,3.9,79.8,normal,5,6,1.47,430.92
30.89,18.6,6.4,same_day,11,1,0.94,783.88
9.27,14.5,57.9,same_day,12,5,1.04,418.53
26.37,20.9,46.3,normal,22,1,1.39,627.78
26.52,13.3,71.3,same_day,23,4,1.25,974.74
13.47,16.5,5.1,same_day,2,1,1.17,540.34
35.64,15.1,47.3,same_day,6,4,0.8,772.62
39.46,11.3,41.8,normal,2,6,1.45,834.66
14.08,24.1,7.3,normal,1,6,0.79,205.85
24.52,3.6,21.1,same_day,13,0,0.79,527.54
27.1,10.2,22.1,normal,8,1,1.35,537.01
16.09,9.3,3.8,express,12,6,0.78,280.82
4.19,6.6,63.9,express,13,3,1.14,237.37
4.06,18.1,70.5,express,0,0,1.44,337.93
40.57,14.4,26.4,express,14,1,0.99,816.4
12.32,22.0,17.8,same_day,4,3,0.54,253.2
15.62,16.8,19.3,express,10,4,1.03,397.59
38.6,6.5,9.8,normal,2,5,0.79,421.46
25.57,22.0,39.9,express,16,1,0.93,567.32
10.8,15.1,44.4,express,16,1,1.41,449.16
35.84,16.2,23.9,same_day,1,1,0.52,475.85
5.69,2.2,68.7,express,14,3,0.82,171.82
6.69,11.2,35.8,express,4,3,0.61,146.11
13.2,23.2,35.0,same_day,12,6,1.08,542.03
38.75,14.2,66.7,express,1,0,0.8,661.02
40.06,19.7,71.6,same_day,15,2,1.02,1129.2
10.88,14.8,25.7,express,9,6,0.72,217.56
13.26,18.3,20.6,express,8,3,1.1,395.71
22.85,4.9,71.3,normal,4,6,0.63,239.15
8.73,7.7,46.4,express,9,1,0.64,174.76
23.68,13.3,56.5,normal,16,3,1.27,476.5
20.73,17.3,69.8,express,23,2,0.99,525.14
32.95,4.8,34.9,normal,9,1,0.71,318.98
13.53,1.6,34.9,express,15,5,1.39,451.52
4.35,7.1,58.9,normal,12,5,1.48,211.07
39.24,19.2,68.9,normal,14,5,1.16,697.78
39.78,9.9,59.5,express,0,6,1.47,1130.59
36.62,2.9,65.0,same_day,3,3,1.4,1293.4
16.11,24.7,16.0,same_day,12,1,0.57,323.77
12.63,20.7,57.6,normal,9,2,0.86,231.72
10.75,19.3,42.8,normal,21,0,0.96,228.28
36.63,21.0,54.5,normal,18,4,1.21,645.95
21.52,22.4,64.1,same_day,2,4,1.1,789.84
32.33,1.6,3.9,same_day,10,3,0.85,671.2
11.49,8.8,55.4,express,10,6,1.29,439.98
43.92,18.0,56.9,same_day,2,4,0.88,971.75
43.77,10.6,37.1,same_day,11,1,1.06,1158.82
34.66,16.2,78.6,express,23,5,0.97,727.5
34.23,15.5,77.5,express,1,5,1.25,941.04
9.56,11.7,44.4,express,7,3,0.54,164.84
24.69,15.4,78.8,normal,8,4,0.67,279.79
41.55,12.1,28.0,express,21,2,1.12,936.96
13.4,22.4,79.1,express,18,1,1.5,644.87
35.91,9.1,39.9,express,0,5,0.61,435.29
42.88,7.9,60.9,same_day,19,2,0.65,681.49
7.78,8.0,75.7,same_day,20,2,1.05,383.52
37.22,20.1,29.1,express,14,3,0.79,587.73
22.51,16.1,26.0,same_day,20,3,0.87,580.69
21.83,22.1,56.5,express,16,2,1.39,717.28
16.81,18.2,51.3,express,5,2,1.31,591.67
20.45,12.1,8.6,normal,22,1,0.98,331.74
36.06,22.7,31.9,express,4,0,1.15,834.0
42.43,13.5,16.5,same_day,18,4,1.22,1243.87
6.57,22.3,14.6,normal,0,4,0.66,115.8
7.5,23.6,1.3,same_day,3,0,1.47,501.72
33.89,15.0,69.6,normal,18,4,1.31,700.35
6.32,20.9,12.4,normal,3,0,1.15,192.9
13.28,14.8,27.4,express,6,1,1.05,380.54
38.46,7.4,76.2,normal,21,6,0.9,521.77
21.92,2.9,13.8,same_day,20,3,1.5,881.47
42.19,24.9,54.0,same_day,13,2,1.31,1463.79
24.21,18.2,33.5,normal,10,0,1.1,442.97
8.28,10.1,26.6,same_day,16,4,0.91,297.32
3.77,6.1,30.3,express,12,6,0.92,158.38
39.61,3.3,15.1,normal,11,6,0.99,544.36
10.21,16.2,79.3,normal,19,5,0.59,141.88
19.38,15.8,23.8,same_day,2,6,0.77,455.68
10.2,20.6,57.5,same_day,16,3,0.8,332.14
35.08,1.5,31.7,same_day,20,4,0.55,499.9
13.83,23.1,70.9,normal,8,0,1.22,364.14
37.63,16.3,64.6,express,11,0,1.1,866.5
18.4,19.2,61.2,express,6,2,1.28,584.59
29.97,20.2,46.8,express,18,0,0.62,400.42
7.73,12.7,14.2,express,10,5,1.16,275.19
23.05,11.4,54.9,express,4,2,1.33,697.84
14.83,4.0,39.4,same_day,15,2,0.73,328.33
40.34,6.6,52.8,normal,19,0,0.73,418.44
18.88,8.7,57.0,same_day,10,6,0.86,482.92
34.21,8.2,46.7,express,14,3,1.45,992.37
9.38,20.3,59.1,normal,22,0,1.19,266.13
10.51,5.4,8.7,express,0,3,1.21,312.56
4.05,4.5,40.9,normal,5,1,1.12,149.45
32.24,5.9,76.4,express,1,5,1.08,760.07
4.26,12.3,6.3,same_day,22,2,0.8,189.51
35.61,17.9,66.0,express,3,0,1.35,1003.04
19.52,21.9,69.6,express,16,0,0.59,284.88
41.41,1.5,14.1,same_day,9,1,0.61,601.48
28.56,18.5,40.0,same_day,4,6,1.33,1041.95
18.13,1.0,48.7,normal,11,6,0.97,274.34
17.43,21.9,59.3,express,2,6,1.18,554.22
33.89,4.5,46.9,express,13,1,0.9,591.17
43.92,19.6,11.8,same_day,11,4,0.57,621.06
31.19,2.5,33.0,normal,19,1,0.76,354.35
5.23,6.1,59.4,normal,0,6,1.24,199.83
8.76,4.7,75.9,normal,13,2,1.35,260.51
34.31,5.6,3.9,normal,1,2,0.66,317.43
29.33,10.1,8.3,same_day,1,0,0.94,702.56
6.64,4.8,30.1,same_day,4,2,0.68,182.44
28.0,18.2,5.2,same_day,13,2,1.02,792.2
13.11,6.0,68.4,same_day,3,4,0.93,403.35
30.06,19.1,67.4,express,19,2,1.31,904.34
33.25,7.5,69.3,same_day,15,3,0.95,878.42
21.05,9.4,16.2,express,9,5,0.87,400.61
27.98,19.4,4.3,express,21,4,1.09,664.62
4.19,16.4,1.1,same_day,17,3,1.22,292.33
17.09,2.9,45.5,normal,0,5,0.67,197.75
35.1,3.1,50.2,express,18,2,0.57,413.52
43.82,3.9,64.4,same_day,13,1,1.17,1299.84
41.85,8.2,42.7,same_day,21,6,1.02,1057.41
31.03,14.3,43.4,same_day,21,5,0.96,847.58
36.58,13.3,53.9,express,3,0,0.51,406.68
28.31,13.0,79.6,normal,7,6,0.64,278.31
25.7,2.8,39.9,normal,5,3,0.67,257.02
6.67,2.8,24.5,express,13,4,0.93,193.74
44.89,11.7,48.8,same_day,21,3,0.79,884.37
14.65,19.7,60.5,normal,0,5,1.45,410.69
21.19,9.9,31.3,express,17,2,1.32,606.89
5.97,17.0,3.6,normal,22,5,0.98,146.8
18.34,9.2,19.4,same_day,14,1,1.49,769.04
2.37,16.2,25.3,normal,19,4,1.12,133.92
19.04,21.7,22.4,normal,6,0,1.02,324.52
1.47,8.0,28.5,express,14,1,1.17,155.78
6.02,2.5,46.7,same_day,12,3,1.47,391.06
36.0,24.9,49.2,same_day,9,1,0.86,861.78
43.46,6.5,57.7,normal,0,1,1.19,736.25
33.15,7.5,74.2,same_day,22,4,0.99,908.04
28.41,8.5,40.2,normal,12,4,0.82,339.43
8.24,13.3,24.3,express,5,0,0.66,167.52
36.17,22.1,57.4,express,21,2,1.36,1112.5
13.22,1.1,11.0,normal,23,1,1.37,304.09
32.26,5.0,73.8,same_day,4,2,0.91,822.27
42.88,24.6,17.1,express,3,5,1.15,1050.71
32.87,3.8,29.8,normal,11,0,0.85,400.13
11.82,21.9,8.4,same_day,6,6,1.21,496.58
40.06,8.8,63.5,express,22,0,0.64,510.53
2.44,1.7,63.9,express,4,3,1.1,176.08
26.86,9.0,28.3,same_day,4,0,1.19,851.45
37.1,9.6,10.2,express,14,2,1.17,846.83
28.69,12.5,67.0,express,5,6,0.52,318.77
10.98,10.1,8.5,express,6,4,0.68,201.68
5.24,23.0,37.2,express,0,0,0.58,147.05
7.47,2.5,68.2,normal,1,6,0.57,104.58
29.81,21.2,78.3,normal,19,3,0.86,402.76
15.21,18.0,43.2,normal,22,5,0.54,149.93
33.38,13.9,25.4,express,14,2,1.44,1033.52
25.75,11.6,5.6,express,18,0,1.0,542.64
29.73,24.0,51.4,same_day,22,0,0.97,809.74
43.88,16.4,5.0,normal,21,2,1.02,653.44
15.23,6.6,39.1,normal,23,1,1.28,355.52
30.07,6.4,8.1,same_day,5,3,1.43,1118.11
29.08,9.4,17.9,same_day,0,1,0.89,681.64
2.88,7.2,5.1,normal,13,4,0.83,84.92
37.11,13.7,67.7,normal,12,0,0.86,478.5
22.8,12.7,79.1,express,14,5,1.0,536.71
4.31,12.2,15.2,same_day,2,0,0.82,204.05
38.28,17.4,56.6,same_day,22,4,0.59,582.15
7.08,1.0,77.6,same_day,22,5,1.03,323.5
41.63,8.6,38.5,normal,18,4,1.36,759.35
36.15,8.6,64.1,normal,10,5,1.0,514.64
13.9,22.9,13.6,same_day,19,3,0.85,414.2
35.67,6.4,24.5,express,14,4,1.15,848.7
26.36,3.1,47.2,normal,23,5,1.49,572.64
32.03,16.6,35.0,normal,10,3,0.7,341.18
21.69,9.1,47.0,normal,3,0,0.51,186.96
29.85,12.9,79.6,normal,11,2,0.7,343.55
35.66,5.6,51.7,normal,21,5,1.38,728.58
38.17,13.3,62.7,same_day,3,4,1.34,1431.81
3.24,12.2,45.8,express,7,4,1.4,273.36
34.48,21.7,38.4,same_day,9,3,1.35,1255.02
15.06,5.2,9.9,express,21,3,0.51,171.98
27.2,20.5,4.4,same_day,20,0,1.22,917.18
6.75,11.2,68.7,express,16,2,0.77,204.09
33.96,17.0,29.0,same_day,14,3,1.29,1201.06
36.18,1.3,9.5,normal,16,3,1.45,722.27
29.0,17.3,48.9,express,6,5,0.73,462.44
38.6,19.2,20.6,normal,13,2,0.85,467.9
32.94,9.0,48.5,normal,23,1,1.49,738.52
31.87,12.1,60.7,express,23,6,0.91,617.84
22.42,14.1,23.8,normal,12,5,0.87,316.84
35.46,7.1,71.8,express,16,3,1.06,817.0
30.24,16.5,8.2,normal,13,4,1.07,477.72
36.38,10.1,32.6,express,1,4,1.38,1024.92
20.79,20.6,12.5,express,8,1,0.62,291.53
16.11,6.1,71.0,same_day,7,1,1.37,708.57
8.57,20.9,16.9,same_day,5,6,0.81,294.6
5.19,6.6,10.2,normal,0,2,0.5,80
20.37,2.7,70.8,same_day,7,4,1.49,943.69
43.94,12.7,46.8,same_day,10,0,0.75,854.76
34.36,20.0,34.3,same_day,3,1,0.95,925.45
30.04,16.1,31.9,same_day,16,0,0.63,515.29
21.64,2.1,77.0,same_day,18,2,1.06,682.71
4.85,5.3,57.2,normal,19,1,1.09,163.88
10.73,14.5,11.2,express,5,4,1.04,312.26
35.42,3.2,24.0,express,7,4,0.51,356.61
25.28,4.1,7.0,same_day,4,5,1.28,881.32
17.73,6.4,79.5,normal,7,3,1.39,427.71
25.84,17.3,18.3,same_day,5,6,1.09,802.21
15.74,0.5,67.9,express,20,1,0.58,225.09
25.47,13.8,73.6,express,5,1,0.62,364.51
30.34,16.2,11.8,same_day,14,3,0.73,617.47
2.24,20.0,66.4,normal,14,3,1.47,225.56
36.92,6.3,61.0,same_day,20,4,1.03,967.58
32.69,1.4,62.7,normal,2,2,1.04,513.18
25.01,19.4,20.3,same_day,1,3,1.43,1062.1
30.13,16.5,54.5,same_day,4,5,1.12,909.05
35.34,3.0,42.1,express,0,4,0.95,655.67
31.48,7.4,40.0,express,17,6,0.83,531.15
44.83,3.3,8.9,normal,17,2,1.05,623.86
18.52,15.1,4.0,normal,21,1,0.8,243.0
41.12,7.5,52.8,express,8,1,1.48,1198.52
3.81,19.1,18.7,express,20,6,0.88,174.8
16.49,7.5,64.3,express,9,6,1.18,464.01
11.0,10.8,9.3,same_day,6,4,1.27,457.6
16.68,0.8,70.2,express,17,6,0.56,235.43
38.06,10.3,26.8,express,3,1,1.29,1021.68
36.4,16.5,62.6,normal,1,0,1.42,807.1
38.43,2.1,30.4,normal,20,5,1.21,611.24
7.89,16.7,62.7,same_day,5,0,0.95,358.87
10.87,22.8,63.6,normal,8,0,1.08,291.07
1.85,16.8,30.2,express,5,3,0.63,102.21
9.92,12.7,8.1,normal,9,0,0.83,163.49
21.45,23.1,73.7,normal,7,2,1.47,602.24
7.08,18.5,17.4,express,7,4,1.35,358.22
30.88,10.6,50.7,express,19,6,0.88,572.05
42.94,22.8,19.9,same_day,18,5,1.37,1600.83
20.75,4.8,24.3,express,6,0,1.13,527.86
8.4,24.2,23.5,express,1,1,1.34,394.94
27.13,24.7,46.6,express,21,0,0.91,598.14
18.36,15.2,9.2,same_day,23,2,1.31,690.99
7.98,19.7,27.2,same_day,12,1,1.32,472.05
38.45,19.2,11.4,express,21,2,0.51,415.4
44.74,22.5,37.2,same_day,8,1,0.53,644.22
11.65,14.0,54.5,express,12,0,0.99,337.96
25.53,7.0,13.3,same_day,22,5,0.56,376.27
2.6,5.1,50.4,normal,19,0,1.02,121.72
22.71,16.8,58.4,normal,17,1,1.16,450.83
28.2,22.5,40.4,same_day,12,2,0.77,597.61
31.98,2.0,70.3,normal,18,2,1.3,640.75
31.88,10.1,17.4,normal,9,6,0.57,254.41
14.67,7.6,23.3,express,1,3,0.71,240.18
44.21,10.9,34.5,express,11,0,0.72,637.94
30.97,17.7,20.3,normal,16,4,0.53,255.4
39.72,24.6,55.9,express,21,4,1.16,1010.63
38.79,2.1,42.5,express,3,1,1.14,901.49
8.39,13.7,76.6,normal,1,6,0.87,187.62
31.22,2.1,34.9,normal,4,3,1.46,654.55
24.06,8.3,63.6,express,6,6,0.7,387.5
31.75,22.4,57.7,normal,18,5,1.33,688.92
39.36,20.2,39.8,normal,22,0,1.46,873.3
23.75,11.1,30.7,express,19,5,0.76,409.85
37.88,22.1,19.8,express,13,1,1.45,1084.19
2.24,24.7,4.8,normal,23,2,1.14,142.67
8.08,7.9,34.3,express,2,3,1.08,264.52
25.3,9.8,29.5,normal,22,6,1.14,441.84
39.43,13.2,77.2,normal,5,4,1.28,777.37
8.56,1.8,45.1,same_day,13,0,1.36,457.1
22.88,22.9,48.4,express,12,3,1.14,636.48
10.33,23.8,3.4,normal,19,1,0.69,152.64
13.24,1.3,70.0,normal,8,6,0.85,214.47
10.94,23.6,29.0,express,3,5,0.51,170.92
29.62,7.8,62.3,normal,10,6,0.7,315.97
18.79,18.9,39.7,express,3,4,1.05,477.31
16.36,8.9,58.9,same_day,20,0,1.25,671.53
4.74,21.9,41.7,express,23,6,1.33,315.36
13.2,21.7,18.8,express,0,2,1.34,482.58
34.93,12.1,40.8,normal,5,4,1.35,681.83
33.71,10.7,63.5,normal,13,5,1.35,696.93
25.44,12.9,68.0,same_day,20,0,0.53,384.98
36.26,3.9,75.9,same_day,11,1,0.64,633.4
29.01,4.2,15.9,same_day,7,5,1.31,974.44
29.6,20.0,54.6,express,0,0,1.16,770.34
31.97,23.7,45.4,same_day,5,6,1.03,891.97
38.64,21.3,23.9,same_day,2,1,1.14,1108.31
9.71,19.0,51.2,express,2,2,1.25,403.39
5.05,17.7,4.4,normal,13,1,1.35,207.38
24.25,4.4,76.7,normal,6,6,0.53,204.09
17.71,1.8,36.2,normal,7,5,1.05,283.87
25.34,7.5,74.4,express,0,2,1.08,639.08
28.45,14.8,73.0,normal,5,6,1.19,519.51
43.7,4.5,40.3,normal,9,3,0.94,557.06
3.5,22.6,14.9,same_day,0,1,0.58,151.8
33.85,23.4,30.9,same_day,0,1,0.98,914.08
19.66,14.2,45.7,express,2,5,1.4,678.93
5.99,3.2,21.6,normal,1,0,0.67,88.67
19.06,15.8,58.0,express,19,4,0.65,293.66
1.11,6.9,57.1,express,13,4,1.49,228.7
7.33,10.4,11.1,express,2,2,1.31,303.29
4.16,16.5,34.8,express,18,0,1.14,228.16
2.93,4.6,43.3,same_day,23,2,1.28,264.83
18.39,7.9,51.5,same_day,3,2,0.91,514.88
12.12,2.2,23.7,normal,4,0,1.01,205.69
10.65,3.1,48.1,normal,10,3,1.49,312.57
13.04,18.8,29.8,express,7,2,0.58,201.85
33.2,23.3,71.0,normal,5,6,1.48,793.94
29.74,2.2,68.7,express,17,1,0.95,609.69
16.82,13.1,67.2,express,23,4,1.18,516.59
32.74,10.7,44.8,normal,15,2,1.45,727.21
23.82,24.4,69.9,express,23,3,0.72,423.91
18.21,20.7,35.7,express,6,1,1.13,506.15
1.38,24.6,10.8,normal,15,0,0.66,82.51
34.94,9.2,15.1,same_day,17,0,0.98,855.79
30.49,12.1,23.1,express,17,0,0.72,470.05
9.16,20.0,69.1,express,13,6,0.95,305.94
37.09,16.6,26.3,normal,1,1,0.87,480.99
26.7,6.2,50.1,normal,2,4,0.81,332.76
11.7,6.6,6.7,express,12,3,1.4,412.64
42.09,21.5,2.9,same_day,19,4,0.68,709.94
13.06,13.4,11.3,same_day,23,1,0.93,383.71
1.36,15.6,68.7,normal,21,3,0.85,108.12
12.6,10.9,65.6,express,17,6,0.87,323.21
42.82,7.1,42.6,same_day,14,0,0.74,824.51
12.23,9.6,39.3,normal,23,3,1.44,328.64
3.31,7.2,14.7,same_day,1,3,0.51,104.38
1.2,3.6,65.3,same_day,2,3,1.01,196.41
10.98,12.7,79.6,same_day,3,5,0.62,285.43
32.34,5.6,37.3,same_day,15,3,0.86,759.14
35.76,4.1,72.7,same_day,11,6,0.88,809.78
1.03,3.3,7.8,express,9,4,1.43,147.73
21.6,22.3,36.5,normal,0,1,0.9,347.1
38.37,21.9,74.0,express,0,4,1.14,899.11
12.82,4.7,12.3,normal,2,0,0.77,164.32
39.55,12.0,9.7,express,14,1,0.59,454.97
39.57,6.4,48.9,express,5,6,0.94,724.46
24.27,10.1,72.4,same_day,19,2,0.99,687.34
41.07,4.9,23.2,normal,17,2,0.83,467.72
12.19,16.0,47.7,express,5,3,0.63,232.72
20.26,3.4,31.2,normal,22,0,0.56,182.82
44.67,23.9,33.4,same_day,12,1,0.68,758.53
11.0,3.4,16.5,same_day,16,2,1.37,472.32
17.31,5.8,2.0,express,4,3,0.58,217.43
23.75,9.4,39.0,express,5,5,1.46,796.05
20.06,13.2,57.9,same_day,14,3,1.06,677.15
43.83,15.0,36.6,normal,12,6,0.89,533.95
31.79,14.0,38.2,same_day,17,2,1.46,1222.84
13.85,18.6,40.7,express,7,5,0.95,372.38
23.0,21.6,51.1,normal,1,2,0.72,275.83
13.94,12.2,10.1,same_day,21,4,0.52,222.77
27.48,15.9,20.1,normal,4,0,0.67,285.37
7.64,5.7,46.9,normal,5,1,1.08,194.67
23.7,22.3,15.1,express,4,4,1.04,550.03
30.64,5.2,31.0,same_day,23,4,1.41,1082.7
33.98,13.3,73.8,normal,1,4,0.85,457.02
29.01,14.1,43.6,same_day,13,1,1.14,882.68
39.06,9.7,29.0,normal,17,0,1.25,682.3
39.13,11.7,23.9,normal,11,0,1.5,799.13
2.54,0.5,21.4,normal,23,2,1.2,108.25
8.64,14.1,19.5,normal,12,6,1.18,219.74
41.09,15.5,69.9,same_day,23,2,0.69,740.07
22.32,10.5,5.1,same_day,11,5,1.33,831.95
29.88,10.1,71.5,express,9,2,0.88,559.72
12.3,2.2,69.5,same_day,9,4,1.02,433.55
38.28,0.9,23.9,normal,21,6,1.01,545.76
43.23,24.1,23.3,express,19,3,0.98,866.03
8.14,0.9,30.2,same_day,17,3,1.12,331.99
13.93,23.7,49.7,express,13,1,1.11,470.87
10.77,24.0,48.6,normal,11,3,0.63,150.88
42.91,13.8,59.6,same_day,12,1,1.16,1259.45
20.65,21.9,13.4,same_day,14,5,0.65,388.23
4.97,13.8,70.5,same_day,17,5,0.64,195.75
38.19,10.4,32.6,normal,23,1,0.83,463.04
16.07,2.5,16.3,same_day,9,3,0.96,432.19
8.99,21.8,11.6,express,13,2,1.36,402.77
28.43,14.5,44.1,normal,19,2,0.59,253.85
37.33,13.9,50.4,express,11,0,1.37,1035.85
27.77,4.6,65.6,same_day,10,3,1.43,1064.73
32.1,8.6,7.4,normal,11,1,0.54,245.77
33.96,4.9,71.5,same_day,7,4,1.02,925.1
27.09,8.3,3.0,express,5,5,0.8,435.52
18.98,14.0,50.6,normal,3,1,1.45,494.53
40.99,2.7,53.9,express,20,6,1.3,1026.49
7.23,23.8,37.7,normal,22,4,1.29,250.27
24.69,21.7,31.1,same_day,5,4,0.73,509.03
14.8,8.4,33.1,normal,6,4,0.86,214.14
10.21,17.9,57.0,same_day,19,1,1.39,570.57
17.55,16.0,6.0,express,23,0,0.64,264.51
29.96,24.1,72.0,normal,4,4,1.34,661.81
6.19,19.2,51.6,normal,18,3,0.84,159.63
13.46,1.3,32.3,normal,12,6,0.92,202.01
42.35,19.1,37.5,express,9,2,0.77,638.04
39.08,22.8,25.7,normal,6,2,0.82,452.91
37.35,8.6,48.5,normal,15,5,0.83,460.68
37.45,11.8,7.1,same_day,23,0,1.41,1302.87
21.97,9.6,49.7,normal,15,6,0.74,252.2
3.04,16.2,47.6,same_day,2,4,0.5,122.83
30.44,5.3,4.8,express,10,2,1.01,616.95
23.53,1.0,76.6,express,19,5,0.55,290.41
21.24,16.6,70.8,express,6,6,0.84,417.41
4.29,7.7,13.1,express,10,1,0.72,129.28
18.76,3.2,75.6,normal,11,4,0.81,260.29
18.97,1.2,1.2,normal,8,6,0.88,258.11
21.14,2.8,52.7,normal,21,2,1.12,392.9
35.9,6.7,64.3,same_day,21,4,1.09,996.07
26.6,8.4,61.4,express,7,6,0.77,470.69
37.74,16.6,32.5,same_day,16,3,0.93,888.74
1.39,10.1,77.7,same_day,22,4,0.86,185.63
43.49,5.8,12.0,normal,20,5,1.29,741.53
15.24,7.1,28.2,same_day,12,6,0.94,428.21
34.32,8.1,72.1,express,15,3,0.52,387.06
44.88,7.0,62.8,normal,14,5,1.26,783.79
28.6,2.1,49.8,normal,2,1,0.72,310.57
35.05,7.4,23.3,normal,16,1,0.96,463.18
41.27,11.1,49.9,normal,10,3,0.92,563.2
25.06,12.1,40.3,same_day,19,5,0.6,413.64
19.37,0.7,2.8,express,22,0,0.96,370.07
33.59,7.3,1.2,same_day,3,3,0.85,698.86
9.75,15.5,26.0,express,10,2,0.91,258.78
23.97,11.5,5.6,same_day,1,4,0.53,363.26
12.89,0.7,34.0,normal,18,0,0.53,112.78
11.39,9.7,41.4,express,20,1,0.79,250.65
32.18,24.4,24.2,normal,0,6,1.05,523.64
38.58,4.1,70.4,express,0,2,0.52,409.04
41.86,1.9,19.1,express,14,4,0.98,788.04
24.05,24.1,29.2,same_day,16,5,1.1,799.05
30.63,16.1,64.9,express,6,1,0.86,569.14
8.22,8.3,25.0,normal,0,4,1.3,222.7
2.02,1.6,54.6,same_day,15,2,0.5,91.67
25.51,12.4,6.1,same_day,0,1,0.9,607.7
26.9,15.2,13.6,same_day,6,4,1.45,1085.07
2.84,3.6,23.7,express,2,5,1.01,149.79
5.47,3.0,3.5,normal,12,1,1.42,169.71
30.62,1.7,46.3,normal,4,4,0.53,235.07
28.29,4.0,38.5,express,5,5,0.77,452.35
29.28,2.7,2.4,express,19,3,0.78,460.31
3.11,6.8,17.8,express,19,3,0.6,96.48
12.03,16.4,70.2,same_day,4,5,1.04,472.88
16.69,22.3,62.5,express,3,3,0.92,432.67
29.33,19.7,73.0,express,10,5,0.54,349.43
17.7,10.0,32.9,same_day,20,6,0.68,371.46
30.19,20.6,37.9,express,22,0,1.06,691.29
15.66,6.8,66.1,normal,16,6,1.41,410.75
10.74,20.2,2.7,express,12,1,1.5,482.83
26.98,14.1,61.0,normal,7,0,0.71,294.86
24.86,14.1,13.3,same_day,12,1,0.84,579.54
4.11,19.0,24.2,normal,0,2,0.58,86.67
21.01,16.1,57.4,normal,21,0,1.19,430.95
5.93,18.9,28.8,same_day,20,3,1.37,410.3
23.99,20.2,47.5,express,20,4,1.21,700.22
9.0,24.8,40.2,normal,19,2,1.12,250.14
6.28,18.8,28.9,normal,11,6,1.25,213.61
37.03,24.5,21.5,normal,16,2,0.82,437.62
42.62,11.5,38.8,express,15,4,1.29,1143.56
23.37,5.4,12.9,express,16,4,0.51,235.95
28.33,24.4,8.6,same_day,2,5,1.24,951.98
24.19,3.6,77.6,same_day,13,0,0.81,583.32
15.6,1.7,6.6,express,4,0,0.87,288.64
28.89,17.3,39.0,express,23,1,1.38,878.84
10.55,12.5,26.6,same_day,16,3,0.82,318.97
3.27,5.4,1.4,normal,5,2,0.81,85.14
3.88,14.8,27.1,express,6,6,1.39,266.96
36.21,18.6,10.1,normal,19,3,1.47,789.86
7.42,18.6,60.7,normal,16,5,0.57,119.03
44.95,7.8,71.4,express,16,2,1.37,1230.64
22.68,6.9,45.8,same_day,16,4,1.04,684.35
30.09,10.0,36.4,normal,14,3,0.84,365.89
37.42,19.5,9.6,normal,21,1,1.01,561.84
24.66,0.8,38.6,normal,22,0,0.88,313.24
37.04,19.7,64.1,express,18,0,1.35,1121.85
10.73,24.9,59.4,express,23,4,0.66,239.69
12.81,12.6,52.0,same_day,20,1,0.7,326.05
18.62,14.2,42.9,express,16,3,1.09,491.71
25.09,18.6,18.4,same_day,9,0,0.59,418.74
11.56,1.7,56.5,normal,10,6,1.42,316.99
21.13,23.0,5.1,same_day,14,4,1.05,660.74
8.46,20.8,3.5,express,1,4,0.63,164.15
1.0,1.6,34.2,same_day,9,6,1.33,201.71
12.79,16.1,4.5,normal,16,4,0.79,182.4
32.12,8.1,49.9,normal,3,4,1.26,601.17
32.97,13.2,62.2,normal,3,6,1.29,656.83
24.61,16.1,4.0,express,2,2,1.45,742.04
18.42,16.3,63.4,express,7,4,1.49,732.93
11.14,7.3,64.5,normal,12,0,0.96,212.67
35.7,6.2,19.0,express,16,3,1.46,975.33
27.03,2.2,27.6,express,4,6,1.09,572.5
28.27,2.1,48.1,same_day,7,0,1.09,817.14
29.14,14.8,41.9,express,9,4,1.12,730.56
13.73,11.7,24.7,normal,14,4,1.31,339.02
17.16,3.3,42.7,express,7,6,1.36,514.58
28.84,16.0,42.0,express,16,4,1.4,843.32
18.54,19.1,31.4,express,16,0,1.11,524.93
16.19,7.2,28.2,express,15,6,1.19,471.54
6.97,1.5,39.4,express,17,6,0.58,127.16
37.0,15.3,78.3,express,16,1,1.33,1008.82
31.94,0.9,55.2,normal,2,0,1.27,593.5
28.64,23.3,34.8,same_day,13,2,0.93,797.29
13.59,21.3,49.0,same_day,13,6,0.53,277.29
12.8,5.7,47.9,express,9,1,1.32,434.68
25.72,12.4,44.6,same_day,3,5,1.31,928.18
2.58,8.7,7.7,normal,12,5,0.98,97.26
13.75,4.9,22.1,express,4,6,1.13,355.83
3.89,14.3,9.6,same_day,1,3,1.39,316.82
28.57,17.4,15.4,express,15,1,1.15,709.53
18.82,10.3,19.2,express,8,6,1.48,644.39
4.62,11.2,14.4,express,4,2,0.77,145.82
12.11,7.2,13.2,same_day,3,0,0.52,208.19
24.01,9.7,61.5,express,20,4,1.15,620.83
34.85,1.4,44.5,same_day,2,1,0.75,692.59
2.69,24.6,17.0,express,3,5,0.85,160.52
31.37,1.2,50.0,same_day,23,3,1.24,1060.32
31.48,3.0,61.5,express,3,3,0.76,510.6
13.7,8.0,65.2,same_day,7,2,1.2,551.99
14.73,17.0,21.2,normal,14,6,0.71,190.29
30.57,14.6,57.1,same_day,13,6,1.1,949.39
23.79,13.0,38.2,normal,11,5,1.14,453.76
43.07,9.9,56.1,same_day,1,2,1.28,1384.37
32.05,10.0,20.9,same_day,3,6,1.11,915.0
44.23,17.7,31.3,same_day,14,1,0.53,602.06
21.09,6.6,39.6,express,0,2,0.71,331.63
40.57,11.9,6.0,express,18,3,1.42,1072.57
24.11,13.8,1.5,normal,7,3,1.24,452.72
23.41,9.8,2.6,express,19,0,0.68,334.46
40.45,7.2,50.5,same_day,14,4,0.67,695.02
20.42,9.6,76.4,express,0,3,0.83,392.1
37.64,19.5,51.3,normal,0,3,1.27,735.7
35.66,11.0,45.3,same_day,17,5,0.67,649.68
44.18,11.3,26.8,same_day,5,6,0.61,677.9
34.79,16.3,15.3,normal,12,1,1.15,570.62
12.92,24.6,68.1,normal,10,4,0.87,262.61
20.68,6.0,68.7,same_day,13,6,1.44,874.42
16.52,2.3,10.9,express,16,0,0.64,236.87
10.48,19.5,22.3,normal,8,4,1.04,235.54
1.25,22.3,66.2,normal,5,0,1.16,170.91
39.17,4.0,44.1,same_day,14,3,0.63,643.15
23.64,4.0,37.3,same_day,20,6,0.74,497.04
21.72,6.7,58.7,same_day,18,6,0.67,415.56
17.5,5.6,15.4,express,21,2,1.49,557.8
14.07,13.9,51.3,normal,20,1,0.92,254.14
34.03,20.0,64.1,express,1,1,1.01,744.55
38.75,16.0,3.4,normal,10,5,0.96,501.03
26.18,20.5,53.4,normal,22,1,0.88,376.49
13.62,9.7,15.3,same_day,1,1,0.7,315.23
7.2,5.5,6.0,same_day,2,4,1.16,321.05
27.89,3.0,15.6,same_day,10,2,0.52,365.73
40.21,24.1,58.6,express,12,1,0.76,643.03
32.48,20.3,64.8,normal,12,0,1.05,515.73
43.44,23.2,2.7,express,16,1,0.69,570.33
29.25,18.5,55.7,same_day,10,0,1.44,1201.49
26.21,19.8,74.3,express,6,0,1.25,789.22
13.93,10.3,8.1,express,14,1,0.83,276.99
28.54,19.2,2.9,same_day,8,2,1.47,1090.03
30.03,1.4,17.5,normal,17,0,0.7,297.93
26.73,22.4,51.1,normal,14,4,0.76,333.1
41.19,12.8,71.7,same_day,21,3,0.97,1042.36
17.93,4.6,55.3,express,13,6,0.81,343.42
21.54,24.6,65.4,express,11,5,1.08,595.14
27.27,3.9,65.2,express,5,6,0.94,549.2
7.77,3.4,12.1,express,20,5,0.58,123.13
33.31,11.7,5.0,same_day,19,4,0.76,677.05
12.01,13.3,42.7,same_day,21,2,0.5,219.74
5.14,9.4,54.5,same_day,7,3,0.71,209.41
32.63,21.4,51.0,express,1,1,0.71,490.32
31.58,4.5,58.3,same_day,4,0,1.08,942.61
14.22,11.3,21.8,same_day,18,4,1.15,509.03
2.41,10.1,62.1,normal,18,3,0.87,114.1
40.54,17.1,49.2,normal,19,5,0.6,363.87
8.65,23.8,42.2,same_day,8,3,0.5,190.96
41.78,9.6,3.5,same_day,4,6,1.1,1123.21
28.09,5.9,21.9,express,2,3,1.15,655.39
1.55,12.4,19.3,express,14,2,1.18,177.52
24.41,6.7,41.6,same_day,11,0,1.04,685.35
27.21,10.9,69.6,same_day,0,2,0.55,421.19
25.91,22.0,70.8,express,9,1,0.63,392.67
7.48,16.8,10.7,express,4,1,0.86,206.49
10.96,18.6,47.5,same_day,22,2,0.75,325.96
4.11,10.7,35.6,express,15,0,1.1,203.86
7.46,15.4,63.7,normal,16,0,0.65,128.95
4.37,2.1,43.8,express,9,4,1.38,238.39
7.87,19.8,15.6,express,13,4,1.23,326.93
7.78,16.3,75.0,normal,8,0,0.71,146.4
25.89,19.9,76.7,same_day,16,3,1.18,941.22
20.45,3.7,33.4,normal,20,0,0.55,172.09
9.63,24.0,42.9,express,11,6,1.21,390.73
29.98,12.7,20.4,express,13,2,1.39,879.29
12.53,13.9,45.4,same_day,3,3,0.9,415.38
15.34,23.0,78.0,express,21,1,0.73,314.21
40.53,16.4,23.8,same_day,20,2,0.65,696.54
17.05,20.0,54.4,normal,5,3,1.18,368.94
1.68,23.1,38.5,express,16,6,1.01,191.93
1.01,23.1,60.8,same_day,20,0,1.16,279.41
12.83,17.0,6.6,same_day,18,5,0.61,270.97
37.92,10.8,8.6,normal,17,1,1.32,729.44
10.2,15.4,48.8,express,18,0,0.92,295.67
15.08,2.8,75.9,express,12,0,0.64,256.27
12.09,7.7,13.3,express,3,2,0.66,210.65
17.49,3.9,74.2,express,4,1,1.24,512.58
6.81,5.1,21.4,express,7,2,1.25,266.7
18.76,18.5,55.8,express,12,6,1.35,619.04
6.81,4.9,1.9,normal,6,3,1.46,216.61
23.77,13.4,72.2,normal,21,1,1.27,503.77
31.13,9.5,43.8,normal,18,3,0.95,443.81
11.08,19.0,38.4,express,20,5,0.92,300.35
12.59,11.7,52.3,same_day,4,6,1.39,638.65
34.33,6.7,64.2,same_day,0,4,0.54,475.76
4.24,9.4,29.2,normal,14,2,1.28,164.84
16.01,22.5,44.6,normal,8,6,0.56,179.85
34.02,2.5,42.0,normal,3,6,0.93,451.72
27.89,24.2,22.8,same_day,5,5,0.96,749.67
16.68,22.6,54.7,normal,6,2,1.12,367.12
23.58,16.7,15.5,express,7,2,1.48,805.2
10.89,4.0,56.5,same_day,5,2,0.84,316.69
18.36,23.8,79.3,normal,16,3,1.03,354.76
28.31,13.5,48.5,same_day,13,5,1.44,1139.55
1.92,19.2,58.3,express,3,0,0.75,147.43
6.12,4.9,20.3,same_day,7,1,1.06,285.98
38.54,2.7,30.4,same_day,23,3,1.35,1309.38
18.53,5.8,21.0,same_day,9,3,0.78,419.93
23.03,16.6,13.8,same_day,23,0,0.81,515.97
37.72,9.3,10.5,normal,8,1,1.13,570.27
20.64,21.8,5.2,express,10,3,0.84,405.96
34.34,5.8,60.8,normal,22,1,1.32,672.08
40.01,7.3,50.4,same_day,13,0,0.78,768.62
3.84,20.5,44.7,same_day,22,0,0.7,194.52
39.33,22.2,66.8,normal,6,6,0.95,575.8
38.25,3.2,6.3,same_day,13,4,0.54,496.76
4.39,20.8,40.6,same_day,22,6,1.46,446.08
17.13,12.6,9.4,normal,18,4,1.49,422.5
44.35,15.3,41.4,express,20,1,0.51,441.28
42.8,5.2,54.5,normal,14,5,1.39,834.99
12.76,24.2,25.7,normal,14,1,1.36,358.9
10.9,17.7,14.1,express,22,3,1.15,367.89
43.16,12.4,6.6,same_day,9,0,0.65,714.01
2.4,13.5,38.0,normal,12,5,0.58,80
42.86,4.0,53.8,normal,16,2,0.53,324.9
26.87,10.9,74.9,express,14,0,1.33,836.89
13.35,14.8,9.3,same_day,23,4,1.34,584.35
22.22,5.5,67.5,same_day,19,6,0.62,403.45
24.49,21.8,13.5,express,6,0,0.63,333.56
4.67,2.2,44.5,express,8,4,1.32,257.44
23.33,20.1,49.6,normal,9,3,1.26,515.8
21.17,9.2,27.0,same_day,21,4,0.59,367.27
44.44,10.9,48.0,normal,0,3,0.95,603.54
34.14,8.7,26.3,same_day,0,1,1.3,1120.0
18.69,9.5,51.6,normal,5,5,0.74,230.87
9.42,4.3,37.7,same_day,2,0,0.98,345.12
39.22,2.9,61.1,normal,21,2,1.01,540.25
16.4,4.1,40.8,same_day,18,3,0.74,357.34
10.25,14.0,15.2,normal,10,3,0.55,110.41
28.69,4.3,31.3,express,16,6,0.95,532.69
40.53,15.5,16.8,normal,19,1,1.17,644.86
26.36,4.0,52.3,same_day,18,4,1.49,1079.06
25.9,19.7,26.9,normal,0,5,1.43,568.71
13.33,3.3,79.9,same_day,22,3,1.2,535.28
29.99,17.3,19.8,express,18,0,0.62,405.58
13.93,6.4,32.1,express,12,4,0.84,287.01
29.29,16.8,6.5,normal,17,5,1.14,481.34
13.59,0.7,59.3,same_day,12,5,1.48,672.59
11.64,6.0,1.7,normal,20,6,0.8,168.17
22.79,24.1,23.0,same_day,22,6,1.16,825.5
6.14,4.5,65.1,same_day,21,0,0.97,281.41
5.29,11.6,64.9,same_day,20,2,0.52,150.73
12.26,24.6,55.1,same_day,11,6,0.89,454.26
1.35,5.7,42.9,express,18,4,0.81,109.07
32.39,4.9,64.1,normal,17,3,0.68,325.56
24.95,3.3,28.2,express,7,2,1.26,649.76
35.07,16.2,9.9,same_day,0,5,1.23,1112.24
3.42,1.5,49.3,express,19,6,1.0,165.52
5.44,20.7,45.2,express,17,1,0.97,240.49
40.99,6.1,72.0,same_day,4,1,1.27,1324.62
23.86,9.0,33.0,normal,18,3,1.28,481.69
9.15,3.4,21.4,normal,22,6,1.06,181.25
22.24,10.8,18.0,same_day,14,3,0.9,567.54
18.08,17.5,77.7,express,18,0,0.95,451.04
27.29,10.5,6.7,normal,0,3,0.89,375.31
21.38,24.7,24.9,express,9,5,0.71,360.43
9.43,11.3,43.6,normal,10,6,0.57,113.51
12.97,21.1,36.2,express,21,5,0.64,239.39
38.09,14.3,63.2,normal,12,0,1.36,768.74
30.87,19.7,67.5,same_day,22,2,1.31,1163.14
41.26,11.2,32.2,express,12,4,1.19,924.34
1.21,20.1,33.1,normal,17,0,0.72,90.16
43.3,19.5,43.7,normal,19,5,0.73,449.64
22.01,1.5,29.3,normal,15,2,1.15,386.8
42.26,2.6,37.2,express,21,0,1.34,1049.94
34.76,17.2,6.9,express,15,6,0.9,646.9
12.0,12.6,50.5,same_day,8,1,1.29,562.32
14.43,21.0,63.1,normal,0,5,0.86,242.95
40.5,14.9,39.3,normal,6,2,0.91,556.74
31.69,8.3,40.8,same_day,10,6,0.77,666.88
9.6,7.0,2.1,same_day,1,0,1.25,410.72
2.84,2.7,26.5,express,12,4,0.69,98.32
13.19,21.1,46.5,same_day,13,5,1.17,589.75
23.17,6.2,6.8,same_day,1,6,0.53,335.01
18.55,15.4,13.2,express,10,5,0.58,247.01
1.17,2.3,16.5,normal,3,1,0.89,80
23.34,11.0,45.9,express,1,6,0.98,500.91
3.89,10.7,2.0,normal,4,1,1.4,159.06
44.4,15.8,34.5,normal,4,1,0.51,317.65
10.75,3.8,55.4,same_day,12,1,1.02,405.33
31.02,3.7,68.1,express,9,3,1.29,868.62
6.05,16.5,28.7,normal,4,3,0.93,162.88
37.47,0.8,33.3,same_day,1,0,0.61,545.32
9.47,21.0,40.4,normal,4,2,0.84,189.44
15.21,12.5,11.1,same_day,12,4,1.03,479.49
19.19,23.1,15.3,same_day,11,1,1.08,641.27
28.6,6.0,42.9,normal,10,4,1.33,586.61
39.29,19.1,60.8,express,9,5,1.02,877.64
21.52,12.5,50.4,express,12,4,0.76,388.75
4.11,20.4,16.0,normal,13,3,1.01,154.89
40.14,1.7,40.1,normal,15,6,0.77,427.5
42.71,24.8,66.0,express,11,2,0.91,815.87
22.73,10.4,44.4,same_day,13,3,0.99,662.01
20.05,3.4,27.6,same_day,16,1,1.12,644.91
41.34,17.7,5.5,express,1,2,0.56,464.86
27.91,10.2,41.1,normal,14,2,1.09,473.91
26.45,1.4,47.1,normal,9,5,1.48,607.4
9.41,22.9,44.0,normal,10,1,1.42,339.2
23.53,5.6,33.0,express,20,3,1.0,522.87
7.69,10.3,76.8,normal,6,3,1.14,231.85
23.2,2.4,2.4,same_day,5,5,1.49,872.38
8.3,16.8,55.6,express,4,1,0.62,183.23
5.27,18.0,32.9,express,1,2,1.46,321.84
17.07,14.3,46.5,same_day,3,6,0.68,363.59
6.4,3.2,40.3,same_day,5,0,0.58,164.65
26.47,7.2,43.1,same_day,17,1,1.17,850.03
11.77,4.2,35.0,express,5,5,0.88,279.05
11.15,16.3,15.1,express,21,0,1.48,464.01
22.5,11.6,17.8,normal,3,3,1.32,469.17
30.33,2.1,51.1,same_day,5,3,1.24,953.64
22.79,13.6,76.0,normal,22,6,1.13,420.37
7.67,2.9,80.0,normal,0,0,0.7,137.81
37.22,5.9,67.9,normal,18,2,0.89,459.34
34.18,7.4,18.3,same_day,6,2,1.05,921.06
8.83,10.2,61.0,normal,16,2,1.11,220.01
21.3,17.4,36.3,express,20,0,0.71,364.63
33.46,7.8,56.7,normal,2,1,1.29,607.52
36.27,24.8,6.7,same_day,0,5,1.23,1192.17
41.18,1.5,77.2,same_day,9,1,1.34,1388.76
3.68,5.9,67.7,express,21,1,1.06,211.22
5.57,14.3,1.3,normal,13,2,0.98,136.97
13.99,12.7,34.4,normal,15,2,0.9,226.7
4.45,0.7,17.9,same_day,11,4,0.96,204.28
38.05,11.4,9.4,express,6,6,0.58,437.71
28.66,13.7,63.7,same_day,23,1,0.64,516.95
21.41,18.6,74.5,normal,15,1,1.11,412.99
27.9,10.4,68.8,express,20,4,0.62,393.04
14.16,4.5,37.6,same_day,0,3,0.6,280.46
36.03,16.8,17.3,express,10,3,0.7,515.45
3.38,21.6,63.6,normal,14,4,0.88,142.35
17.31,23.6,30.5,express,15,2,0.59,256.51
1.77,5.3,34.0,normal,5,1,0.9,92.77
17.6,24.6,31.5,normal,15,6,1.05,359.1
37.58,16.8,69.8,same_day,3,6,1.11,1133.34
10.86,10.9,17.8,normal,21,0,0.7,147.49
16.33,14.4,64.4,express,6,4,1.11,492.2
21.01,14.4,23.9,same_day,22,4,0.91,577.55
4.81,3.1,4.8,normal,20,2,1.45,164.97
3.71,10.0,53.6,express,20,0,1.43,291.3
23.71,2.3,35.7,same_day,0,2,1.11,718.32
13.96,15.7,6.6,same_day,13,2,0.96,432.78
11.34,15.6,70.2,same_day,21,1,1.41,640.02
13.55,9.3,29.1,same_day,18,2,1.39,634.83
2.16,0.8,23.4,express,10,6,0.85,105.21
19.68,9.6,73.2,express,20,2,0.85,415.32
31.56,18.7,66.3,normal,6,5,0.54,272.97
36.17,9.0,18.6,normal,8,5,0.76,402.36
7.8,21.7,61.1,express,15,6,0.97,296.35
40.78,18.0,30.7,normal,11,6,0.92,522.81
12.99,24.5,63.7,express,1,0,0.54,222.19
4.2,7.7,64.0,express,9,2,0.88,176.61
23.47,17.1,74.7,same_day,17,0,1.04,751.4
8.16,9.2,38.5,express,16,5,0.88,237.06
12.39,2.9,45.9,express,6,6,1.09,359.53
30.14,19.4,70.0,normal,14,6,1.15,535.16
12.82,6.9,72.4,normal,18,4,1.39,356.03
2.44,15.3,6.0,same_day,19,4,0.78,152.87
8.84,11.9,30.9,express,7,0,0.56,155.17
40.38,11.9,59.8,same_day,2,2,1.18,1196.24
7.61,16.9,27.0,same_day,20,6,0.78,262.53
30.43,4.2,23.7,normal,16,1,0.73,324.38
26.91,4.5,77.4,express,0,2,1.45,895.37
35.06,22.2,18.3,same_day,3,4,0.94,872.8
24.82,17.0,42.4,express,16,1,1.2,702.35
4.25,7.6,58.2,express,15,4,0.86,174.37
31.68,23.5,47.7,same_day,6,5,0.58,509.5
30.67,6.7,24.2,same_day,2,1,0.95,738.16
12.2,17.4,33.4,express,15,3,0.54,181.65
4.73,16.1,5.0,same_day,17,2,1.49,364.59
25.5,24.6,69.8,normal,12,5,1.03,438.15
37.32,18.4,28.9,express,23,6,0.7,542.55
27.7,17.3,54.2,express,19,6,0.54,327.58
42.86,15.4,58.1,same_day,0,5,1.44,1603.43
38.09,16.4,63.1,normal,20,4,0.95,542.54
8.4,7.6,49.5,same_day,20,2,0.88,287.08
32.94,16.7,35.9,normal,3,2,0.94,488.73
26.22,20.3,75.6,express,8,6,1.09,653.0
19.74,22.9,38.0,express,7,0,1.12,569.25
30.43,14.8,19.7,express,11,2,0.55,340.36
12.17,9.9,37.8,normal,7,6,1.5,354.47
7.72,9.3,14.4,same_day,0,5,0.78,226.0
18.63,24.7,54.9,same_day,10,5,0.91,574.11
1.72,18.2,18.9,express,18,4,1.32,214.84
20.96,6.2,33.0,same_day,7,2,0.57,327.15
9.44,6.4,78.3,normal,3,3,1.12,247.67
4.63,23.5,47.0,express,14,0,1.3,304.73
34.22,19.8,72.8,express,23,4,1.29,979.46
24.3,8.3,46.4,normal,12,5,0.8,300.09
10.38,8.1,65.8,normal,16,6,0.97,225.23
15.92,24.3,23.5,express,12,2,1.06,434.34
15.1,6.6,77.7,same_day,14,2,0.98,507.72
31.83,10.9,69.2,same_day,19,4,1.31,1205.96
33.14,17.1,59.6,normal,9,4,0.54,282.47
14.98,14.1,23.8,express,11,4,1.04,375.95
32.43,19.1,8.7,normal,19,6,1.25,626.51
15.48,1.9,24.6,express,8,2,0.53,194.39
14.26,15.6,41.2,normal,23,3,0.69,186.08
4.53,16.9,74.4,same_day,8,3,1.07,352.08
26.95,7.4,30.2,same_day,14,5,0.76,569.7
27.73,18.6,74.4,normal,9,1,1.39,655.27
3.05,22.1,76.6,same_day,21,6,1.16,361.4
12.67,11.1,77.2,express,14,5,1.46,562.09
10.58,11.4,39.2,express,21,5,0.83,263.28
33.19,19.3,22.1,normal,6,4,0.83,404.42
33.44,5.9,43.2,same_day,8,2,0.58,495.4
38.96,14.4,40.0,express,12,4,0.76,581.84
28.45,18.0,69.9,normal,18,1,1.12,507.21
33.92,6.1,23.5,same_day,8,6,0.9,818.07
24.01,0.8,57.7,normal,1,5,1.23,473.47
30.35,4.9,53.8,same_day,19,2,1.47,1171.97
8.12,0.7,4.3,same_day,6,3,1.43,405.22
44.03,21.7,58.9,normal,1,0,1.26,842.13
29.6,9.4,66.9,same_day,13,5,0.69,587.94
18.59,23.2,12.8,same_day,6,6,0.65,366.16
19.49,9.1,33.6,same_day,18,4,1.01,578.01
10.42,14.7,45.7,same_day,10,1,1.24,485.6
21.93,13.3,75.3,same_day,20,3,0.92,619.42
11.36,2.8,79.8,same_day,10,6,0.9,373.05
3.98,8.7,42.3,same_day,20,4,1.32,314.34
6.02,10.7,54.6,normal,19,6,1.46,247.6
22.82,20.6,27.4,normal,21,3,1.12,428.91
25.46,3.4,19.2,express,19,5,0.64,317.01
30.03,8.3,72.6,normal,22,1,1.37,645.36
38.29,24.3,66.1,express,3,3,1.26,1091.25
43.9,24.4,67.8,express,5,2,0.67,620.38
4.25,16.1,11.6,normal,4,2,0.72,104.36
1.64,7.0,38.3,express,1,5,1.06,152.63
11.51,13.2,34.6,same_day,20,6,1.21,492.13
32.79,6.2,60.0,normal,21,4,1.01,481.4
30.12,17.0,60.4,express,23,2,1.04,680.36
31.38,2.0,62.6,express,12,6,1.46,910.16
37.93,9.5,61.0,express,19,5,1.33,1015.33
7.54,6.5,48.4,express,21,4,1.21,309.78
14.07,12.0,61.4,same_day,14,0,1.16,566.96
33.89,19.6,34.3,same_day,14,2,1.0,929.66
34.62,5.7,37.4,same_day,10,2,1.03,923.16
42.46,3.1,2.4,express,1,1,0.96,737.67
38.57,23.6,12.5,same_day,8,3,0.56,543.72
12.32,6.2,13.3,same_day,4,4,0.8,303.02
31.4,7.6,10.4,same_day,20,3,0.95,757.11
37.17,23.5,32.7,express,20,4,1.4,1054.25
23.17,15.4,55.8,express,9,2,0.68,381.28
34.49,24.1,57.7,same_day,11,5,0.52,514.77
38.58,10.0,72.5,normal,11,1,0.68,373.18
4.91,19.7,65.6,express,17,6,1.36,334.17
16.81,3.6,17.1,normal,16,2,1.12,306.4
13.25,8.7,74.9,express,0,4,1.32,501.75
19.31,18.0,53.3,normal,16,6,1.08,376.99
37.19,4.9,55.7,same_day,20,5,0.8,769.0
24.03,17.4,43.1,normal,17,3,0.67,275.44
1.73,15.8,76.8,express,7,6,1.17,239.49
22.92,21.6,11.1,normal,7,4,1.11,396.48
13.32,18.4,54.9,normal,22,6,0.54,143.15
7.75,13.9,19.0,same_day,13,1,1.26,417.58
22.32,2.1,41.4,normal,21,2,0.67,233.49
3.07,14.3,52.6,express,8,0,0.52,103.32
7.4,9.4,51.4,normal,14,4,0.5,88.69
26.29,7.9,2.9,same_day,11,5,0.52,351.49
18.55,10.4,66.1,normal,11,3,1.37,442.73
23.39,20.7,40.6,express,0,5,1.04,553.39
21.98,16.1,5.7,normal,19,6,0.88,306.15
9.29,12.3,61.6,same_day,14,6,0.51,193.4
35.29,16.2,18.4,same_day,12,4,0.66,640.5
36.9,22.2,48.2,express,5,3,1.1,873.1
29.14,9.4,1.1,express,16,6,1.01,599.75
1.37,11.7,64.5,normal,11,3,1.24,151.12
1.76,10.4,37.6,same_day,2,1,1.06,213.24
43.92,19.7,68.8,express,16,3,0.75,657.22
26.85,23.0,37.3,same_day,2,6,1.37,1078.1
26.79,7.8,15.5,normal,21,3,0.86,345.08
26.98,0.8,52.5,same_day,12,6,0.56,391.19
13.98,9.8,15.9,express,0,5,0.62,214.6
19.4,4.1,9.5,same_day,6,1,1.19,634.76
40.25,7.8,14.3,express,5,3,1.2,901.5
9.76,13.6,38.1,normal,4,0,1.01,220.77
34.16,20.7,50.4,same_day,6,3,0.83,824.62
31.19,20.5,52.3,same_day,6,0,1.26,1164.87
39.74,11.2,18.0,normal,16,2,1.42,821.3
36.51,4.1,55.4,express,23,3,1.01,728.39
33.48,10.0,37.2,express,21,0,1.05,695.68
34.29,3.5,73.1,same_day,20,6,1.18,1054.39
38.94,3.2,46.5,normal,20,5,0.6,337.58
6.34,18.5,78.2,same_day,8,1,1.32,478.78
36.4,10.7,44.9,normal,0,3,0.61,333.8
13.4,4.7,60.2,same_day,11,4,1.46,665.64
6.46,21.4,76.9,normal,22,6,0.65,133.26
19.35,4.7,41.8,express,13,1,1.12,501.13
9.7,1.8,60.7,normal,3,1,1.25,262.33
42.91,7.9,52.4,same_day,9,1,0.94,1008.24
37.6,16.6,28.3,same_day,0,3,1.11,1118.71
5.65,3.6,14.7,same_day,0,2,0.71,162.7
5.03,5.0,51.7,normal,8,6,1.25,179.61
10.67,23.1,43.3,same_day,13,1,0.99,432.19
29.76,19.2,27.9,same_day,0,3,0.85,669.36
37.21,22.4,70.5,same_day,16,6,0.57,579.32
44.07,12.2,5.4,same_day,0,3,1.19,1281.58
31.14,5.2,39.1,normal,8,1,1.41,635.14
2.15,21.6,5.2,normal,8,6,0.93,109.36
43.9,7.1,14.6,same_day,0,2,0.72,785.06
24.47,16.8,12.1,same_day,15,4,0.63,419.23
38.54,16.5,13.7,express,18,2,0.7,526.75
8.45,2.2,57.1,normal,0,6,1.22,229.92
33.61,7.0,3.7,normal,10,0,1.25,597.5
26.13,24.1,29.8,express,17,1,1.1,675.63
7.59,7.4,60.5,same_day,23,6,0.91,314.71
26.89,5.8,2.5,same_day,8,5,1.17,842.29
17.88,7.6,13.6,express,2,3,0.81,318.76
3.77,16.7,56.1,same_day,1,0,1.16,316.57
7.31,21.1,37.8,normal,5,6,1.2,232.43
16.89,5.8,19.6,express,10,0,1.46,577.87
40.91,10.2,5.7,same_day,1,2,1.44,1504.55
13.84,13.4,51.8,express,22,5,0.89,320.74
4.77,20.1,46.8,express,0,4,1.35,309.36
36.98,19.8,6.5,same_day,13,5,0.96,946.97
17.36,24.1,35.1,express,15,6,1.31,603.85
21.06,23.9,71.1,express,8,5,1.08,556.44
27.5,19.6,45.6,express,14,2,0.53,321.1
28.82,15.2,72.5,express,12,5,1.4,861.28
43.67,1.4,38.6,normal,9,0,0.79,464.69
21.84,12.2,1.5,same_day,5,1,1.4,885.19
37.29,6.2,56.5,normal,4,1,0.9,494.47
42.97,13.9,75.5,normal,6,6,1.07,680.43
43.37,14.4,72.7,express,5,6,0.89,825.47
11.99,18.5,13.0,normal,21,1,1.36,316.26
2.27,0.8,52.2,normal,22,6,0.5,80
9.45,12.8,69.8,normal,7,5,0.83,184.67
26.57,22.7,44.3,express,16,0,1.19,691.43
29.76,12.2,19.8,same_day,0,4,0.55,429.18
1.2,17.3,10.0,express,3,0,1.29,184.99
16.45,23.0,1.6,same_day,10,2,1.41,735.64
25.72,18.0,77.2,express,4,5,0.53,328.13
43.84,15.1,61.7,same_day,6,3,1.33,1567.28
36.25,24.2,72.6,normal,3,5,1.03,593.91
41.96,23.3,50.1,same_day,8,6,1.13,1252.24
42.83,7.4,20.2,same_day,19,0,0.54,588.69
42.77,6.8,78.4,same_day,19,1,1.01,1129.09
15.19,24.5,11.3,normal,18,5,0.6,172.96
29.11,12.5,2.3,same_day,22,6,0.62,484.76
28.87,1.2,24.0,same_day,7,2,1.13,820.83
44.37,2.5,38.4,same_day,10,2,1.46,1536.8
35.93,20.0,29.1,normal,10,3,0.94,526.39
12.1,23.8,30.7,express,16,1,1.0,351.67
5.73,3.3,67.8,same_day,10,0,1.22,365.02
9.82,20.4,34.9,normal,11,5,1.13,255.04
19.76,4.7,63.6,normal,21,2,0.85,291.46
24.21,11.0,42.9,express,11,1,0.73,375.48
3.74,23.1,61.8,normal,11,5,0.64,115.22
17.77,16.2,1.4,normal,17,2,0.76,219.41
34.96,12.8,34.9,same_day,11,2,0.95,880.94
25.58,19.2,76.5,same_day,17,2,0.78,609.77
1.57,4.7,4.5,normal,6,2,1.17,94.13
15.87,24.4,64.2,express,15,3,0.86,376.38
18.29,10.4,62.1,express,2,0,0.94,420.62
38.66,8.8,31.8,normal,17,3,1.09,574.81
14.0,6.1,34.2,normal,13,6,0.85,219.87
35.28,5.8,19.4,normal,2,6,0.89,458.84
1.75,11.2,70.5,express,19,2,1.24,222.2
39.87,18.5,31.3,normal,16,5,1.15,639.75
35.7,18.1,49.2,express,13,0,1.1,813.3
15.66,7.8,32.7,express,2,1,0.67,259.85
34.22,3.7,32.9,same_day,1,6,0.85,718.73
5.79,24.3,70.9,express,18,5,0.62,173.34
2.04,20.4,35.5,express,3,4,0.6,108.52
34.18,15.6,59.2,normal,17,3,0.99,491.33
34.5,6.9,67.9,express,2,5,1.47,1012.93
28.22,1.5,78.0,express,6,1,0.95,589.78
14.02,3.8,66.0,express,8,0,1.1,400.26
38.05,9.0,21.7,same_day,15,5,0.59,541.23
33.83,6.4,49.6,normal,20,2,1.37,652.91
30.09,13.2,39.3,normal,10,1,0.93,417.79
10.91,21.7,17.6,express,16,2,1.25,422.03
8.87,3.8,49.1,normal,15,6,1.16,214.09
40.59,8.8,31.4,normal,1,6,0.92,529.86
11.08,18.1,51.4,same_day,1,5,0.6,259.25
18.72,9.8,12.5,normal,22,5,1.45,436.68
40.76,11.1,65.6,normal,10,3,1.34,808.17
1.92,9.2,74.5,express,20,0,1.38,250.74
24.17,12.0,43.7,express,1,3,0.85,452.39
24.12,16.3,49.1,express,7,6,1.23,714.72
21.73,7.4,45.1,normal,6,1,1.23,442.49
20.74,21.9,34.5,express,21,1,1.39,700.95
16.99,23.6,34.0,express,22,5,0.85,373.39
3.36,24.4,23.6,express,13,1,1.12,228.25
44.59,20.5,23.5,normal,21,6,1.07,692.45
37.32,24.6,5.9,normal,3,6,0.98,563.51
22.45,19.5,43.7,normal,14,6,0.53,196.96
37.46,8.1,73.1,express,4,6,0.85,636.38
29.56,10.8,51.5,normal,18,1,1.42,648.55
35.42,15.5,3.3,normal,14,4,0.93,477.56
15.33,19.9,44.9,same_day,9,0,1.46,790.14
20.71,12.8,62.8,same_day,12,3,1.21,798.29
31.16,8.0,64.9,normal,8,2,1.33,601.38
39.33,14.2,8.9,express,0,1,0.88,688.06
39.36,13.0,52.5,normal,5,5,0.72,402.08
21.48,21.5,57.1,same_day,21,4,0.82,554.75
14.89,7.1,33.2,same_day,12,6,1.43,682.73
38.7,24.7,60.4,express,23,3,0.54,449.27
31.67,24.5,68.5,same_day,11,3,0.71,687.62
11.77,5.8,18.3,express,21,6,0.93,274.41
12.74,9.5,24.4,express,16,4,0.61,204.84
41.94,17.1,71.5,same_day,7,2,0.97,1078.85
12.33,15.0,26.8,same_day,17,0,1.21,531.78
24.61,17.6,11.2,express,11,5,0.5,274.8
13.05,4.2,61.8,express,19,0,0.79,284.55
9.69,20.7,22.9,express,12,3,1.02,315.94
3.28,10.5,26.2,same_day,17,0,1.08,249.54
12.2,7.5,15.8,normal,21,3,1.15,240.55
44.29,0.6,9.9,same_day,19,4,1.41,1501.79
21.79,18.0,47.0,normal,1,3,1.43,535.6
15.84,18.5,27.5,normal,17,6,0.97,282.3
19.63,0.5,2.3,normal,8,1,0.73,200.43
44.86,12.3,74.0,same_day,10,3,1.05,1200.55
30.61,11.5,37.3,normal,15,5,0.64,281.81
43.21,1.6,6.5,express,11,0,0.84,700.3
8.44,6.0,68.5,same_day,11,4,1.35,461.99
26.81,10.3,59.9,express,10,5,0.98,580.79
2.72,4.2,71.8,same_day,12,0,0.99,214.97
9.69,16.8,32.7,express,2,2,1.11,331.16
23.26,9.3,2.9,express,8,1,1.34,663.94
15.57,19.8,60.7,normal,22,0,0.94,283.85
28.16,12.1,49.2,express,15,6,0.77,488.85
35.07,3.9,58.9,same_day,3,4,0.75,665.27
28.46,14.7,6.4,normal,20,3,1.24,499.96
44.42,11.7,57.5,same_day,10,3,0.62,723.73
26.79,19.5,49.0,express,13,0,1.09,658.41
9.1,8.6,79.9,express,5,3,1.39,441.42
9.78,12.8,4.5,express,4,6,0.83,231.33
24.01,9.6,58.4,same_day,7,0,0.92,643.43
21.34,7.9,65.0,normal,16,1,0.53,187.11
24.12,6.9,14.1,normal,10,1,1.09,379.35
25.25,7.5,29.3,normal,17,0,0.6,238.13
42.4,7.4,56.0,same_day,10,6,1.18,1308.02
11.88,22.9,78.2,express,1,4,0.95,385.48
19.74,24.7,7.5,express,0,4,0.56,258.08
42.94,3.6,50.4,express,19,5,1.15,949.16
21.51,11.0,54.4,express,13,1,0.59,306.29
44.92,7.0,38.6,express,3,6,0.56,472.52
18.37,12.8,14.3,normal,21,3,0.95,292.91
5.15,8.1,63.6,same_day,2,1,0.66,198.42
29.39,15.2,67.9,express,12,1,1.48,950.66
30.75,3.5,35.9,normal,15,0,0.8,339.89
30.54,21.2,61.3,same_day,16,4,0.94,840.8
5.04,15.0,27.8,express,11,1,1.18,253.27
19.45,19.8,46.1,same_day,12,0,0.9,588.16
26.55,15.9,28.6,same_day,4,6,1.08,797.26
20.34,21.4,4.4,express,23,3,1.21,556.17
41.05,14.8,50.0,normal,5,4,1.25,741.15
1.43,4.8,28.3,normal,20,6,0.74,80
20.6,23.9,62.8,same_day,9,0,0.58,382.7
33.99,15.9,16.6,same_day,11,5,1.14,1067.24
12.31,3.9,73.4,same_day,11,0,1.22,535.91
9.72,18.6,35.8,normal,15,4,1.06,223.85
24.61,0.8,45.4,express,15,5,1.32,714.71
42.06,6.4,42.4,express,17,3,1.03,844.84
24.14,10.1,18.3,same_day,5,5,1.25,795.23
23.07,13.6,53.3,express,5,0,1.03,563.91
29.2,2.6,49.6,express,22,1,1.43,841.28
34.73,15.2,26.5,normal,9,4,1.41,713.25
6.29,2.9,15.6,normal,10,4,1.28,174.81
40.85,22.8,31.2,express,11,6,1.35,1111.69
12.63,18.7,14.0,express,22,2,1.29,432.94
18.92,17.7,68.1,express,3,4,0.56,266.59
2.33,8.2,26.1,same_day,16,5,1.12,212.02
5.7,4.2,59.6,normal,12,1,1.38,220.16
5.71,20.4,35.0,same_day,5,0,1.11,364.02
25.22,17.9,66.3,normal,4,4,1.02,415.58
6.0,12.7,77.1,same_day,15,0,1.39,461.31
18.64,7.3,70.8,same_day,21,3,1.25,717.8
4.11,7.8,1.6,same_day,20,1,0.54,116.84
34.58,9.3,29.7,same_day,0,2,0.68,589.1
3.4,11.1,18.6,normal,19,1,1.5,191.28
23.04,8.0,69.8,normal,13,5,0.89,323.36
10.78,23.9,67.3,same_day,12,2,0.99,473.41
37.44,12.4,69.7,normal,7,1,1.48,823.77
16.33,17.8,13.5,express,4,3,0.77,321.61
41.35,21.8,63.3,same_day,17,5,0.91,1041.73
15.1,17.7,1.0,express,10,0,0.53,189.06
31.01,22.7,22.2,normal,15,2,1.43,693.61
20.8,17.8,17.9,express,11,2,0.79,389.23
20.31,17.8,9.5,express,4,0,1.49,688.56
28.73,23.8,51.6,normal,6,5,1.11,517.66
21.55,4.5,32.3,same_day,4,1,1.44,829.49
24.04,6.8,47.2,same_day,9,4,1.27,848.73
41.83,16.5,73.5,same_day,7,1,1.38,1565.21
30.28,10.9,78.3,express,8,4,1.11,710.13
14.29,9.0,37.2,normal,18,1,0.54,137.46
4.6,1.5,54.9,express,19,6,0.5,97.07
30.8,19.6,46.8,normal,8,0,1.24,579.71
33.61,22.9,25.5,same_day,2,6,0.6,554.78
36.85,5.1,42.1,same_day,23,3,0.85,768.91
23.09,6.7,45.3,normal,7,5,0.59,203.93
12.75,11.1,68.3,same_day,19,0,0.8,370.51
29.93,17.5,24.2,same_day,12,6,0.54,454.15
22.87,13.2,18.2,normal,13,0,1.39,523.85
14.28,7.8,14.9,normal,4,0,0.62,154.98
25.33,17.8,22.1,same_day,21,4,1.38,999.62
18.88,2.1,57.5,express,5,0,1.47,667.65
44.99,5.4,40.3,same_day,4,0,0.8,899.0
31.41,17.3,66.0,same_day,17,2,1.21,1030.51
15.91,2.3,25.5,express,11,1,0.71,257.34
23.66,5.0,17.7,same_day,8,0,1.26,780.37
43.59,16.0,59.2,express,10,6,1.48,1258.79
42.44,16.2,6.4,same_day,17,1,1.31,1444.08
29.82,14.0,66.3,same_day,4,0,1.08,911.11
37.83,1.3,59.7,express,8,1,1.17,843.94
32.41,18.9,48.3,normal,6,3,0.77,368.05
14.73,10.8,42.2,normal,7,4,0.94,254.11
29.45,9.4,44.0,same_day,10,3,1.2,927.54
14.38,16.6,61.8,express,5,0,0.8,315.56
41.5,24.1,26.0,same_day,15,3,1.13,1288.41
7.72,23.6,31.5,same_day,11,0,1.47,524.82
31.47,14.5,14.8,same_day,6,5,0.59,491.39
28.41,18.2,48.1,normal,22,2,0.64,280.25
22.37,9.6,51.0,express,23,5,1.41,732.2
14.6,4.7,24.2,express,9,4,0.68,230.96
30.41,9.4,47.0,express,19,3,0.95,587.14
15.7,8.9,68.0,normal,14,4,0.92,265.73
1.5,11.3,15.3,normal,10,5,1.07,105.31
18.63,24.4,56.2,express,6,2,1.41,689.98
35.76,15.2,40.1,express,13,5,0.58,412.13
38.54,19.3,33.6,normal,17,6,0.84,495.89
12.85,13.4,76.7,express,20,3,0.98,369.81
40.5,14.3,12.0,same_day,23,1,1.36,1361.16
36.11,10.1,60.5,normal,6,0,1.27,694.47
20.69,24.7,31.6,same_day,19,1,1.43,939.28
2.01,23.4,10.9,express,2,1,0.83,147.62
43.11,13.2,32.3,same_day,8,4,0.9,972.75
2.87,19.8,57.8,express,15,6,1.41,295.6
17.17,13.8,45.2,same_day,6,5,0.55,305.66
6.24,2.8,32.4,express,0,4,0.87,180.82
30.98,13.6,1.7,express,11,6,0.69,433.26
34.04,9.1,77.4,normal,10,0,1.43,730.21
16.83,25.0,31.6,normal,21,4,0.92,294.5
2.63,7.1,12.1,same_day,18,4,1.08,194.14
7.16,12.1,69.2,normal,5,1,0.61,113.78
41.87,21.4,35.7,same_day,14,5,1.02,1177.84
29.0,9.4,71.3,express,1,6,1.3,823.05
40.31,9.5,65.4,express,20,6,0.78,655.01
12.0,8.4,38.9,same_day,8,6,0.59,252.33
38.98,7.7,12.8,normal,15,5,1.47,820.43
29.47,19.8,55.2,same_day,17,3,1.45,1281.5
7.19,16.6,18.2,express,16,0,0.67,174.6
22.78,9.9,27.7,same_day,9,0,0.54,346.05
32.56,10.3,27.9,express,19,3,0.77,517.99
36.74,19.1,56.5,same_day,16,3,1.27,1296.27
29.84,17.2,65.6,normal,8,5,0.73,347.43
4.45,2.7,36.6,same_day,17,0,0.63,137.54
3.9,10.7,78.7,same_day,15,2,0.98,284.01
38.51,22.9,9.2,normal,10,3,0.98,537.87
31.34,19.3,34.0,normal,8,4,0.55,272.85
1.75,3.9,20.0,express,15,0,0.94,116.25
8.78,23.7,60.5,normal,23,6,1.47,337.8
41.0,20.9,39.5,normal,2,3,1.03,631.06
21.14,22.8,6.0,express,12,4,0.53,251.53
32.19,13.7,63.3,normal,7,4,0.65,322.87
32.04,1.4,30.8,express,0,4,0.88,583.85
21.01,18.8,3.5,same_day,15,5,1.27,779.46
16.42,3.4,71.7,normal,1,0,0.5,146.15
34.89,1.5,74.0,express,15,1,1.26,859.06
13.86,11.2,22.3,same_day,7,5,0.59,253.48
24.57,17.3,57.4,express,22,6,0.97,538.24
29.39,24.2,34.9,normal,2,0,1.3,588.99
13.06,1.6,75.4,express,12,2,0.51,169.46
5.75,17.9,34.7,express,15,1,0.71,174.0
42.71,10.3,63.6,same_day,10,2,0.52,565.13
22.53,12.4,1.2,express,15,1,0.58,287.24
28.83,15.6,55.3,express,8,5,0.95,597.46
15.07,11.6,37.8,same_day,20,4,1.33,640.31
1.56,7.5,35.7,normal,23,1,1.2,126.85
5.3,24.2,58.5,normal,6,6,0.72,131.17
17.7,6.9,22.5,same_day,23,3,0.52,263.49
41.54,16.6,69.6,express,22,0,1.43,1260.41
23.09,23.5,16.8,express,6,4,0.94,509.0
39.29,5.9,71.4,normal,11,3,0.88,507.58
33.91,3.6,31.9,normal,18,6,1.29,608.21
12.08,8.9,59.9,normal,17,2,0.85,197.05
17.44,11.0,34.0,same_day,8,4,1.18,621.84
38.15,21.1,37.8,express,18,5,1.16,930.67
32.02,13.8,37.5,express,13,4,1.08,747.78
34.4,5.9,38.7,normal,10,2,1.43,672.1
10.46,9.6,38.6,normal,9,5,1.32,287.46
22.42,3.7,69.7,express,10,6,0.86,426.77
33.98,20.6,23.7,same_day,11,4,1.04,964.73
31.27,15.9,67.3,normal,19,0,0.92,468.97
8.77,9.5,59.2,normal,17,5,0.63,122.5
41.24,6.7,25.0,normal,10,4,0.84,493.27
7.9,17.7,20.8,normal,5,1,1.35,257.02
40.83,23.8,39.2,normal,8,6,0.7,430.7
4.28,17.9,73.6,normal,16,3,0.67,117.0
30.23,22.1,13.9,same_day,22,0,0.57,468.36
25.4,6.0,28.4,express,13,5,0.74,391.53
5.08,2.8,64.1,same_day,11,3,0.9,249.86
21.65,5.3,73.3,same_day,16,1,1.41,931.13
8.72,13.7,74.2,normal,0,4,1.37,305.03
43.17,6.8,56.6,same_day,20,4,0.94,1003.83
15.4,7.8,52.4,normal,5,6,1.07,299.71
5.64,15.0,24.0,normal,6,5,1.02,168.94
20.36,15.7,66.7,normal,1,2,1.33,493.09
14.76,6.5,9.0,express,4,0,0.89,316.5
20.14,9.8,17.0,same_day,0,3,0.58,345.06
34.39,6.1,30.0,normal,13,5,1.44,687.18
17.79,17.7,46.2,express,10,6,1.41,665.16
13.02,20.8,56.0,express,16,3,0.65,252.22
16.5,6.5,49.0,express,15,2,0.79,318.53
28.03,2.4,31.2,same_day,20,6,0.5,357.99
19.71,22.2,37.1,normal,18,5,1.28,458.98
29.54,7.9,30.7,normal,15,3,0.81,359.88
43.96,10.6,34.8,normal,7,2,0.61,381.85
16.29,5.9,2.5,normal,8,2,0.59,155.99
39.1,5.0,3.6,same_day,6,1,0.84,807.32
25.94,21.0,34.5,express,18,6,0.9,542.16
32.12,10.7,55.8,same_day,1,4,0.9,772.61
11.8,24.6,12.1,normal,23,5,0.71,172.17
21.77,6.5,3.7,same_day,22,1,1.32,812.25
27.19,18.3,47.1,same_day,0,4,0.91,729.96
35.25,10.0,76.3,express,2,0,0.72,520.29
22.16,15.0,42.8,same_day,14,4,0.64,438.15
25.33,9.2,9.5,express,2,6,1.47,812.43
9.37,8.3,78.5,normal,19,3,1.43,327.22
43.54,23.4,56.9,normal,7,6,0.66,443.85
33.15,16.3,2.2,same_day,17,2,0.5,451.51
23.84,5.8,26.7,normal,9,0,1.28,476.07
11.07,19.7,15.3,express,18,0,1.35,421.62
40.81,4.5,53.8,same_day,14,2,0.62,637.25
16.77,7.9,54.9,normal,13,1,1.17,330.16
41.62,24.5,27.0,same_day,8,5,0.64,687.88
8.68,16.7,36.6,same_day,0,3,0.87,328.98
30.35,3.8,1.1,same_day,4,0,0.57,416.03
10.03,7.0,65.5,express,16,0,1.35,397.45
37.95,22.4,51.8,same_day,6,0,0.55,582.65
5.03,12.2,72.3,normal,7,6,1.34,225.39
21.1,8.0,10.2,express,22,6,0.91,399.15
1.77,18.5,31.9,express,4,2,1.42,253.73
23.94,22.1,16.8,express,12,2,0.58,301.83
42.02,1.9,33.3,same_day,11,3,1.16,1191.17
1.57,0.9,38.8,normal,9,0,0.77,80
33.26,13.2,46.3,express,18,6,1.2,798.35
35.92,21.0,4.2,express,1,0,0.92,673.81
32.37,18.8,23.0,same_day,20,0,0.52,444.41
35.55,18.0,43.8,same_day,0,1,0.97,907.19
12.4,16.1,76.2,normal,0,4,0.91,237.91
18.41,17.5,53.8,same_day,14,5,1.24,727.65
24.93,17.9,48.7,same_day,23,6,0.67,515.45
20.32,9.6,17.6,express,5,5,1.27,586.14
25.28,10.3,18.9,same_day,8,3,0.65,442.07
27.4,8.2,67.5,same_day,7,3,1.48,1141.28
31.42,18.0,30.9,express,17,5,1.07,748.96
37.74,8.4,38.7,express,4,6,1.46,1065.15
42.4,23.5,77.0,same_day,2,1,1.33,1534.84
16.46,13.0,10.2,express,0,6,1.06,421.0
15.69,9.4,37.4,same_day,13,2,0.81,383.83
29.91,9.5,62.4,same_day,16,3,1.16,917.81
21.7,16.1,35.1,normal,13,5,0.74,262.52
25.15,11.0,60.4,same_day,0,3,1.0,735.06
44.86,24.1,79.0,express,11,4,0.66,655.17
2.41,12.9,8.0,express,14,6,1.32,196.55
10.07,10.8,46.2,same_day,6,3,1.1,434.47
20.26,21.6,8.1,same_day,16,2,1.16,680.81
31.52,5.8,48.9,same_day,3,6,0.61,528.24
30.01,17.5,78.1,express,19,5,0.81,557.35
27.06,13.0,4.0,same_day,18,3,0.63,443.09
17.56,12.9,32.4,express,15,0,0.87,372.47
28.56,24.0,73.8,express,22,3,1.19,834.66
3.88,12.9,38.5,same_day,14,2,1.33,346.04
30.5,11.4,22.5,express,3,0,1.34,832.46
20.02,12.9,59.2,same_day,9,1,1.23,798.86
25.92,24.7,37.9,normal,23,0,1.23,531.61
43.11,21.0,67.5,normal,15,5,1.2,741.86
32.29,2.8,22.9,same_day,6,0,0.75,617.56
27.04,8.6,49.0,same_day,7,0,1.35,1054.46
15.83,12.5,60.5,same_day,2,4,0.77,395.32
30.6,1.5,64.1,normal,20,1,1.19,552.91
19.52,24.5,21.6,normal,19,3,1.02,341.71
9.86,8.1,16.6,express,0,5,0.65,173.99
38.35,3.7,24.7,same_day,21,5,1.31,1280.39
31.76,1.5,9.1,express,17,3,1.45,897.9
40.19,9.3,71.1,same_day,16,6,1.36,1433.23
15.22,11.2,54.6,express,2,4,0.71,290.55
39.34,7.5,65.0,normal,15,5,1.1,597.52
13.97,5.6,78.6,express,6,2,1.32,494.45
14.12,23.9,32.0,express,9,5,0.63,255.45
4.77,14.3,69.2,normal,20,1,0.85,139.02
12.94,7.8,33.2,same_day,6,1,1.14,473.58
16.98,6.4,36.0,same_day,2,6,1.24,648.4
20.49,16.1,50.2,normal,0,4,0.64,221.35
41.1,13.0,10.6,same_day,20,3,1.14,1182.5
6.31,2.8,35.9,same_day,14,1,1.33,368.6
21.28,16.7,64.3,normal,13,0,0.69,254.33
21.38,1.7,7.8,normal,20,6,1.25,377.62
4.03,23.5,10.5,normal,1,0,0.95,140.77
19.95,8.0,13.1,same_day,21,0,0.87,507.22
8.19,9.9,78.1,express,0,3,1.14,332.33
32.1,11.2,36.3,normal,3,4,0.93,461.95
5.02,13.6,52.2,express,3,5,1.08,250.25
27.53,6.1,38.1,same_day,6,5,1.13,848.13
33.03,22.0,16.7,normal,3,3,1.1,560.09
44.29,11.6,54.2,express,22,0,0.56,516.96
14.34,18.2,24.3,same_day,8,3,0.88,408.34
33.87,18.6,71.8,same_day,23,2,1.06,964.16
16.2,10.9,57.4,normal,16,4,0.88,250.67
2.42,17.0,56.5,normal,2,3,1.47,216.92
19.23,12.2,49.7,express,11,1,0.92,412.82
32.45,6.8,76.6,same_day,16,6,0.5,426.23
29.92,13.0,10.8,normal,22,5,1.26,564.05
32.23,21.3,75.2,normal,1,4,0.82,419.77
13.35,1.9,19.2,same_day,23,0,0.61,240.66
12.36,23.1,16.2,express,18,2,0.87,315.63
28.64,10.2,29.4,same_day,5,3,1.05,814.07
33.33,21.8,52.9,normal,16,6,1.19,635.87
38.11,16.9,69.4,normal,19,5,0.55,323.84
4.52,15.0,76.3,express,12,5,0.66,155.22
39.9,24.0,8.3,normal,18,4,1.21,702.1
2.34,21.8,67.6,normal,17,5,0.61,97.96
3.7,6.3,15.2,normal,15,2,1.25,136.68
39.02,10.6,12.2,same_day,16,2,0.95,958.32
19.49,23.3,69.3,normal,13,1,0.61,226.74
36.71,13.3,46.8,express,1,1,0.53,387.88
35.45,23.8,4.7,same_day,10,5,1.17,1101.21
35.97,20.8,22.1,same_day,14,0,1.03,995.88
23.97,11.8,45.7,normal,18,0,0.78,305.17
16.98,20.8,48.4,same_day,3,5,0.58,338.21
18.65,2.9,2.7,normal,22,4,1.02,281.48
30.12,17.6,1.5,normal,15,2,0.57,243.08
28.78,18.7,54.7,same_day,0,4,1.39,1148.25
20.95,10.2,42.8,express,1,5,0.73,334.14
34.3,2.8,14.2,normal,13,0,1.21,553.78
13.65,4.0,75.7,same_day,11,2,1.08,522.37
28.8,22.9,55.7,normal,21,0,1.33,634.82
39.89,13.4,64.7,normal,3,0,0.99,575.72
32.66,8.3,75.2,express,11,1,1.24,901.01
21.88,21.5,78.0,normal,19,1,0.93,350.51
36.68,12.5,79.0,same_day,14,0,0.56,579.83
27.25,5.5,4.2,normal,12,4,1.35,507.02
30.85,14.6,57.1,express,5,2,1.33,925.55
40.66,20.6,48.7,normal,0,4,0.7,428.86
6.37,17.5,52.7,normal,21,3,1.44,260.0
41.31,0.8,7.9,normal,23,4,0.91,524.52
14.96,12.7,11.6,same_day,7,4,0.54,250.99
27.11,7.8,77.9,same_day,19,4,0.79,620.89
25.42,17.2,2.9,express,5,2,1.33,706.7
38.34,21.1,66.2,normal,9,3,0.91,531.95
28.22,8.8,30.0,same_day,6,2,1.24,908.47
44.61,6.4,25.5,same_day,20,3,0.53,608.56
35.45,12.1,40.1,express,9,3,0.58,416.35
5.35,16.8,3.8,normal,13,1,0.51,80
4.96,5.2,29.7,normal,12,5,1.0,129.87
35.35,20.6,67.4,same_day,21,1,0.51,486.52
12.91,10.3,5.7,same_day,21,1,0.64,256.02
34.04,20.7,31.8,normal,5,6,1.32,662.63
41.89,9.8,79.5,express,18,5,1.27,1098.93
36.65,12.4,5.5,normal,15,2,1.27,663.02
24.07,7.0,12.3,same_day,18,3,1.09,706.01
22.51,18.3,36.0,express,10,3,0.53,269.49
21.65,5.7,28.2,express,13,5,0.8,357.24
39.2,19.8,58.1,express,21,0,0.89,709.56
25.45,24.2,45.2,same_day,13,4,1.12,827.8
6.66,9.9,44.9,normal,10,6,1.18,204.94
21.57,4.9,52.3,express,12,5,1.31,657.23
14.53,3.8,22.5,express,15,6,0.93,305.62
24.69,7.4,44.1,normal,22,3,1.21,465.25
38.12,15.6,75.4,normal,1,2,1.26,760.41
35.49,17.3,18.6,same_day,11,0,0.7,669.42
39.94,1.2,57.2,normal,20,1,0.59,346.84
16.91,20.9,40.7,normal,7,0,0.75,225.39
28.89,5.1,57.8,same_day,2,5,1.36,1030.32
38.14,0.6,12.3,normal,17,5,1.44,778.16
9.03,11.6,22.1,same_day,21,0,1.31,431.79
37.25,7.2,14.0,normal,23,3,0.62,326.24
31.0,4.8,45.4,same_day,9,4,1.09,847.18
43.52,2.2,21.1,express,12,0,1.37,1111.82
12.42,15.6,36.9,normal,9,5,1.39,329.35
29.22,1.1,46.3,normal,10,4,0.58,246.08
39.22,14.1,29.9,same_day,13,0,1.3,1260.46
19.82,11.9,3.5,express,16,5,1.45,659.52
20.25,17.8,2.8,same_day,19,0,0.89,535.61
10.86,13.6,68.7,same_day,16,4,1.34,605.72
11.24,9.2,78.8,same_day,13,1,1.02,430.72
16.77,4.3,43.9,normal,2,3,1.03,298.91
6.37,11.0,24.7,express,11,0,1.13,251.07
30.76,13.5,43.0,same_day,1,0,0.64,513.4
34.44,2.5,77.0,same_day,22,2,1.14,1069.2
25.54,11.0,74.5,express,0,3,0.73,432.29
24.79,3.5,19.2,same_day,2,2,0.66,429.74
43.33,17.3,11.9,express,5,3,1.38,1210.91
24.39,2.8,27.2,express,15,4,0.97,513.5
10.59,24.6,52.4,express,12,1,0.84,302.41
14.82,10.7,74.9,express,15,6,1.1,454.02
35.6,11.5,13.9,normal,10,0,1.15,576.5
39.92,4.5,38.5,same_day,3,2,1.09,1147.59
3.34,8.8,49.1,normal,15,5,0.86,115.75
25.15,15.1,29.5,same_day,11,6,1.21,838.36
24.91,23.6,69.6,same_day,16,4,0.89,715.21
30.13,21.5,75.8,express,10,2,1.47,1026.45
21.34,13.3,17.2,normal,0,3,1.13,402.82
39.61,0.9,36.5,express,4,3,0.57,453.73
28.34,6.9,40.3,same_day,17,3,1.47,1092.91
23.66,8.8,45.5,same_day,14,1,1.14,737.34
23.36,4.7,16.6,express,23,2,1.03,488.34
2.92,13.6,76.2,same_day,23,2,1.12,289.54
27.7,8.4,35.1,express,15,0,0.69,390.29
24.85,23.9,15.8,same_day,4,2,0.82,590.33
18.01,2.8,53.7,normal,1,6,1.31,382.04
11.57,2.0,6.1,same_day,18,6,1.15,413.86
30.25,8.4,74.0,express,1,2,0.66,437.39
19.65,24.0,15.6,same_day,16,1,1.16,746.93
38.27,13.8,77.9,express,12,4,0.58,451.01
24.85,3.5,62.2,normal,4,6,1.31,520.2
7.38,6.5,28.6,normal,23,6,1.34,215.29
32.07,11.5,72.6,normal,4,6,0.77,377.52
35.15,4.6,79.0,normal,20,4,1.39,738.34
23.97,5.9,78.2,normal,19,1,0.65,248.32
14.29,15.4,46.1,normal,18,3,0.7,191.81
25.27,11.9,55.0,normal,18,4,1.42,577.09
16.4,22.7,44.5,normal,3,2,0.85,275.7
5.94,8.6,49.2,express,1,0,1.33,288.76
22.59,13.5,7.2,same_day,16,0,0.72,449.58
15.08,16.8,44.6,same_day,7,6,1.39,682.1
41.58,14.6,60.2,express,1,3,1.28,1119.06
7.35,18.8,78.3,normal,2,5,0.66,137.99
25.67,12.2,43.5,same_day,11,0,0.94,709.42
28.25,6.7,69.6,normal,12,0,1.16,484.98
22.64,20.0,38.6,normal,12,4,1.41,516.78
3.12,21.2,68.2,express,9,3,1.32,315.43
17.79,1.8,74.8,same_day,13,4,0.64,350.57
40.19,19.6,21.5,express,1,4,0.88,685.39
34.8,12.1,19.4,normal,13,4,1.43,738.73
20.5,10.5,3.7,same_day,1,3,1.34,734.77
43.05,3.9,63.2,express,6,5,0.51,428.82
8.89,15.1,70.3,express,23,0,0.87,276.11
33.66,15.4,31.5,same_day,11,6,0.71,622.94
8.33,3.9,24.3,normal,6,6,1.46,245.51
14.1,24.2,32.3,same_day,7,1,0.77,389.83
40.3,12.3,49.0,same_day,15,3,1.36,1485.4
23.19,22.7,18.7,normal,13,4,1.02,391.29
29.88,15.5,75.0,normal,3,5,1.16,557.61
3.49,7.4,24.3,normal,15,1,1.35,164.3
15.41,12.9,56.7,normal,10,4,0.66,200.19
9.16,23.7,79.5,normal,22,5,1.48,371.28
44.04,13.5,8.8,normal,14,3,1.45,848.02
28.05,21.0,27.8,same_day,19,6,1.32,1014.61
19.5,19.2,3.3,normal,20,0,0.85,275.6
24.75,11.9,65.2,same_day,10,0,1.24,901.64
39.33,8.8,2.1,normal,7,3,0.66,360.7
10.9,20.6,40.8,normal,8,4,1.22,308.86
11.69,11.6,59.5,same_day,5,6,0.89,392.14
8.93,14.5,12.4,same_day,16,3,0.72,245.08
24.16,15.1,11.9,express,17,5,0.62,325.65
24.95,1.4,11.9,same_day,12,4,1.2,756.08
24.21,22.0,51.3,express,4,6,0.74,441.4
35.19,10.8,61.3,normal,17,0,1.03,520.54
21.35,22.2,29.4,same_day,17,2,1.48,949.4
32.54,17.8,44.1,express,16,4,0.82,580.04
16.74,16.4,65.4,same_day,7,5,0.91,544.01
39.12,18.2,29.9,same_day,3,1,1.15,1204.26
17.8,12.0,55.7,same_day,21,1,1.18,693.32
13.86,24.9,56.5,express,14,6,0.74,300.68
1.75,23.5,13.7,express,13,5,0.68,122.23
44.89,23.2,70.5,same_day,1,2,1.32,1605.67
28.15,1.1,75.8,same_day,7,6,1.38,1068.96
2.26,14.4,68.4,express,15,3,1.1,220.74
1.5,3.1,73.5,same_day,23,4,0.86,170.39
37.44,13.6,22.9,express,5,2,1.0,753.73
37.81,14.4,43.4,express,19,2,1.15,896.22
4.8,14.1,43.6,normal,0,5,1.21,193.75
11.76,10.3,71.1,express,18,0,1.33,462.76
10.18,6.6,13.1,normal,2,0,0.52,96.7
15.69,7.0,10.1,normal,8,4,1.14,288.17
8.91,14.1,17.3,same_day,10,0,1.29,429.46
26.81,7.2,76.4,express,12,0,1.38,814.21
37.63,21.3,19.5,same_day,22,0,0.54,514.33
38.11,17.9,17.2,express,18,0,0.77,576.96
12.81,18.4,51.8,normal,2,5,0.71,184.39
1.68,23.4,12.8,same_day,9,1,1.15,255.86
7.58,10.3,79.7,express,20,0,0.75,217.65
41.37,13.7,7.4,normal,3,0,1.0,550.42
11.47,8.0,68.5,express,11,0,1.08,355.5
37.35,5.2,14.4,express,3,4,0.68,477.99
15.63,23.8,4.1,normal,10,3,0.98,290.75
43.67,15.7,45.3,same_day,7,0,1.03,1107.72
8.72,18.4,10.1,express,23,0,0.79,217.71
30.94,2.4,29.8,same_day,11,4,1.37,1130.81
16.83,17.9,61.7,express,6,4,0.52,236.16
22.1,22.9,65.4,same_day,0,4,0.95,667.39
12.02,18.9,74.2,express,14,6,1.04,387.18
26.14,13.6,49.0,express,17,5,1.2,688.9
37.82,10.1,76.2,normal,7,1,0.58,325.68
42.48,6.1,46.3,same_day,9,3,1.32,1349.96
6.12,19.5,50.8,same_day,4,1,1.27,429.28
12.07,3.9,10.0,express,14,1,0.63,178.07
4.34,19.3,72.2,express,20,1,1.4,348.54
6.81,6.2,47.1,normal,10,1,1.28,219.97
29.69,16.7,63.8,normal,10,4,0.54,248.33
6.7,21.5,18.2,express,8,0,1.39,367.31
41.81,11.1,38.7,same_day,14,1,1.37,1453.32
10.64,3.3,47.5,express,15,4,0.82,232.13
22.18,10.5,69.5,express,7,1,1.23,611.43
42.39,21.7,13.2,express,2,4,1.25,1032.51
14.91,13.0,34.4,express,18,5,1.16,428.73
28.53,0.6,24.6,express,23,3,0.68,384.2
26.48,4.7,60.9,express,20,5,0.76,452.27
10.11,12.3,71.5,normal,7,4,0.6,139.67
27.73,1.9,79.6,same_day,8,4,1.37,1024.41
34.64,9.7,3.7,normal,19,0,0.67,312.56
42.55,15.9,43.3,same_day,9,4,0.87,947.65
1.05,22.8,4.7,same_day,10,0,0.83,158.08
39.05,9.3,61.2,same_day,11,4,0.51,502.59
22.61,5.5,39.7,express,14,3,0.78,372.51
13.23,7.7,1.7,same_day,3,2,0.75,298.43
2.2,12.7,59.3,express,8,3,0.99,191.1
42.44,8.8,35.4,express,6,4,1.48,1255.34
15.21,0.9,73.3,normal,8,3,1.05,281.56
39.05,9.9,5.1,express,10,6,1.45,1076.52
11.0,23.9,61.2,express,11,2,1.39,517.73
12.43,7.8,43.1,same_day,1,6,1.21,498.55
10.44,16.6,9.3,express,16,5,0.73,219.51
44.07,16.0,4.3,normal,22,5,0.92,567.7
1.41,9.6,54.2,express,23,0,0.8,125.97
37.99,4.5,34.6,same_day,14,6,1.28,1240.32
22.08,16.2,69.7,normal,13,1,0.52,192.91
22.95,22.2,58.9,express,23,2,0.99,543.58
23.49,17.0,20.1,same_day,8,5,1.26,867.76
35.51,9.8,68.8,same_day,15,3,1.27,1153.77
19.09,0.8,37.0,express,14,0,0.69,295.55
22.46,22.4,58.2,same_day,8,5,0.84,578.22
30.06,23.4,29.6,same_day,21,1,1.26,1033.26
30.89,13.1,20.3,same_day,11,1,1.29,1083.54
34.03,12.2,1.7,normal,14,1,0.69,337.51
23.0,4.9,39.5,same_day,10,5,0.98,633.68
11.31,15.5,3.6,express,9,1,1.22,359.15
40.92,11.4,64.8,same_day,15,2,0.55,599.47
16.86,13.3,60.6,express,23,1,1.16,500.71
34.13,15.8,32.5,express,6,6,0.82,563.69
37.31,0.9,68.3,same_day,8,3,0.82,783.16
9.35,18.5,73.1,express,9,4,1.21,379.56
13.76,23.8,50.0,express,18,5,0.92,353.19
2.93,17.5,59.3,same_day,15,6,1.25,333.03
43.65,16.6,8.2,express,2,4,0.5,411.79
10.74,23.1,67.9,same_day,21,6,1.05,477.53
38.24,5.4,60.3,normal,19,3,0.63,350.2
22.58,2.7,21.7,same_day,0,6,0.96,582.7
3.3,5.0,55.8,express,9,1,1.06,189.55
32.43,11.0,22.0,same_day,8,3,0.83,690.73
16.47,14.0,22.1,same_day,20,3,0.76,382.14
10.95,13.4,57.8,express,20,2,1.15,382.77
19.69,2.4,45.2,normal,0,6,0.91,290.0
21.08,8.1,4.9,express,18,6,1.32,608.3
11.56,20.2,18.7,normal,13,4,1.38,334.31
17.39,1.6,64.6,normal,19,3,1.46,432.99
5.36,24.1,25.0,same_day,2,2,1.47,456.57
1.23,9.4,11.3,normal,23,4,0.96,84.31
14.15,0.8,34.2,normal,16,0,0.59,144.51
7.93,16.7,45.4,normal,8,5,0.53,109.95
29.39,3.7,59.2,express,8,5,0.51,316.57
6.49,20.1,32.8,normal,10,6,0.58,102.09
28.8,16.1,58.7,same_day,15,3,0.85,716.41
34.84,9.2,37.1,same_day,14,6,0.86,774.32
18.15,1.2,35.8,same_day,15,2,0.99,518.97
29.23,22.3,28.9,same_day,14,6,0.84,719.34
44.8,15.9,76.8,express,10,0,1.48,1313.49
10.5,3.4,3.3,same_day,15,3,0.78,268.92
4.46,15.8,7.8,express,18,1,1.18,232.01
26.34,16.2,69.8,normal,17,3,0.82,340.86
13.55,2.8,4.8,same_day,12,5,0.6,230.0
26.58,3.8,52.3,normal,8,4,1.01,396.16
32.52,15.7,15.7,same_day,7,1,1.05,894.22
19.8,17.1,47.2,same_day,21,6,0.76,465.15
33.78,22.6,17.9,normal,18,4,1.46,723.6
37.63,17.3,15.2,express,5,4,1.22,973.74
12.67,19.3,49.9,same_day,5,0,0.9,450.09
13.28,7.9,30.9,normal,11,2,1.35,323.6
14.62,7.5,31.2,normal,9,2,0.84,206.53
39.33,14.6,41.3,normal,2,1,0.87,500.6
25.73,13.9,37.5,express,2,6,0.92,546.28
20.37,0.7,50.5,same_day,18,4,1.24,683.27
33.73,21.7,76.5,normal,12,1,0.63,325.5
10.1,3.6,55.8,normal,5,1,0.53,113.59
32.64,1.5,28.7,same_day,19,1,0.73,603.36
25.45,21.5,57.5,normal,9,4,1.35,573.64
24.43,4.2,1.6,normal,9,4,1.12,402.64
14.96,24.1,13.3,express,8,1,0.5,198.61
34.19,1.2,37.7,same_day,22,1,0.9,770.96
32.4,20.5,22.5,same_day,13,3,0.59,547.18
18.55,11.1,57.1,same_day,12,2,0.88,528.24
37.91,4.8,33.9,same_day,6,2,1.27,1253.15
31.91,16.1,30.4,normal,12,3,1.04,477.89
14.56,11.3,39.2,express,17,2,0.98,351.94
38.66,6.6,75.3,normal,12,0,0.81,437.93
30.07,4.3,12.5,express,10,0,0.84,486.42
42.31,10.4,38.6,normal,3,4,0.93,552.13
8.63,2.4,4.6,same_day,20,4,1.18,343.29
18.86,4.6,36.4,normal,6,3,1.48,442.49
41.37,13.7,18.3,normal,10,6,1.36,795.96
37.36,17.8,78.4,normal,6,4,0.61,335.83
44.4,11.1,39.5,normal,15,5,1.39,883.4
39.69,12.1,71.9,express,15,5,0.55,459.59
6.8,17.1,15.6,same_day,20,6,0.88,268.29
34.38,16.7,5.5,same_day,6,5,1.16,1035.4
2.86,22.9,19.0,normal,13,5,0.89,119.84
22.27,0.6,65.0,normal,15,6,1.36,492.54
27.46,1.7,72.8,normal,19,1,0.82,340.56
29.84,8.9,18.6,normal,18,2,0.57,257.04
7.13,7.1,17.7,same_day,5,2,1.17,320.04
18.96,5.7,38.3,normal,11,0,1.18,362.5
30.94,20.6,44.0,normal,19,6,1.09,507.69
20.76,2.9,36.8,express,2,1,1.31,618.93
7.16,16.9,45.7,express,7,4,0.59,166.57
27.23,11.6,32.1,same_day,10,2,0.64,455.6
29.16,11.6,39.2,express,18,0,1.21,714.28
13.03,18.4,24.4,normal,23,5,0.85,209.54
1.25,11.3,54.1,normal,13,6,0.58,80
21.22,21.0,34.5,same_day,2,6,0.66,447.39
20.48,15.1,59.1,same_day,5,2,1.26,837.82
4.95,15.2,20.3,express,9,0,0.91,198.17
12.1,14.9,14.7,normal,18,6,0.59,136.92
37.77,1.5,2.8,same_day,11,5,1.2,1094.26
28.78,24.3,19.5,express,20,0,1.19,785.51
8.98,10.9,8.0,same_day,20,0,0.75,241.37
42.28,1.4,20.2,normal,12,6,0.81,466.86
1.82,23.7,74.8,normal,23,5,0.96,155.99
18.86,4.2,68.6,normal,17,5,1.12,365.88
25.28,15.0,39.7,express,9,6,1.33,752.24
26.9,23.4,72.9,normal,10,3,1.24,584.97
1.35,18.6,39.7,same_day,7,2,1.05,225.1
39.86,3.8,30.5,express,21,0,0.51,412.26
41.02,23.3,77.2,same_day,12,3,1.44,1675.97
5.87,11.2,18.2,express,5,5,0.62,130.72
43.64,10.2,53.7,normal,18,5,0.55,334.67
10.87,19.8,71.0,express,13,6,0.84,298.48
20.06,13.9,76.0,same_day,15,5,1.29,820.65
33.04,10.8,48.3,normal,7,3,1.13,537.76
3.28,12.7,43.5,normal,23,2,1.28,171.01
5.39,5.3,29.8,normal,14,4,0.62,85.23
36.93,17.4,7.5,normal,15,0,0.5,270.12
14.69,14.9,77.7,normal,22,5,0.94,264.32
37.68,14.6,54.0,express,15,4,1.21,930.21
44.52,23.1,15.3,same_day,5,0,1.24,1430.92
25.52,2.0,38.9,normal,9,6,1.1,435.46
20.88,5.7,16.3,express,16,0,1.4,654.85
3.27,3.0,58.0,express,14,1,1.48,264.16
21.27,6.7,62.2,same_day,17,5,0.53,344.5
29.68,23.8,5.6,same_day,16,2,1.32,1062.68
5.29,17.5,43.2,normal,9,3,0.93,150.9
16.16,16.8,31.3,express,20,1,0.57,223.62
7.64,2.9,58.2,same_day,5,2,0.92,298.25
21.11,21.7,36.6,normal,21,0,0.79,278.48
10.5,5.9,7.6,same_day,11,4,0.55,194.18
33.22,2.5,26.4,express,7,2,0.91,591.03
27.01,3.7,55.1,express,12,0,0.7,392.81
25.07,19.5,29.9,normal,1,6,0.6,232.13
44.94,4.4,36.8,normal,5,5,0.89,572.65
41.49,21.0,31.6,express,8,5,1.42,1185.41
18.15,13.8,24.9,same_day,5,0,0.91,499.59
1.52,22.9,69.3,normal,19,0,1.08,155.19
33.85,9.3,78.2,same_day,7,5,1.0,966.67
41.51,25.0,64.7,normal,2,4,1.09,665.7
34.12,9.0,71.1,normal,11,4,1.11,577.3
24.08,20.9,23.3,same_day,13,1,1.05,765.4
18.81,2.8,27.2,express,6,5,0.83,334.53
10.7,19.9,39.7,same_day,4,6,1.48,614.26
32.33,3.0,66.9,same_day,23,3,1.36,1118.87
19.76,5.5,23.2,express,11,4,0.72,305.54
29.19,20.0,63.9,normal,19,3,0.91,433.33
33.02,20.6,27.6,express,3,3,1.46,1004.8
37.74,11.2,67.6,same_day,16,6,1.26,1259.04
29.11,8.2,61.7,same_day,7,1,1.17,948.72
15.86,16.3,70.3,express,20,6,1.26,524.9
37.34,8.2,49.7,normal,1,3,1.44,763.45
34.21,5.5,48.2,same_day,4,1,1.24,1087.5
39.95,23.9,7.1,express,4,2,1.06,903.99
15.56,10.6,37.8,express,8,6,1.07,402.65
2.41,2.8,10.1,express,17,0,1.01,124.57
34.69,20.4,5.7,same_day,21,1,1.36,1279.54
21.52,13.7,15.3,same_day,2,5,1.03,613.2
23.77,4.3,32.3,same_day,4,0,0.77,487.8
42.32,8.7,27.4,normal,18,3,0.81,489.85
26.7,14.6,65.5,express,21,6,0.82,482.7
39.44,14.6,33.4,express,11,3,1.4,1111.43
18.27,24.5,38.6,same_day,13,2,1.35,806.46
39.05,4.4,4.0,same_day,1,1,0.56,536.02
1.58,20.7,74.8,same_day,21,3,1.4,385.96
13.54,23.2,63.0,normal,4,2,1.17,342.33
9.4,18.9,49.4,normal,1,0,1.21,259.25
33.57,7.0,28.7,express,20,6,1.08,736.55
21.24,17.9,16.6,same_day,23,3,0.62,405.75
19.72,7.2,47.8,normal,6,1,1.43,461.89
37.6,10.9,39.0,same_day,10,4,0.69,691.55
36.63,7.4,30.2,same_day,18,0,0.56,519.42
20.61,11.2,60.7,same_day,7,1,0.91,567.28
37.1,21.5,34.5,same_day,22,6,1.08,1119.68
33.58,6.5,44.3,express,23,5,1.07,756.23
43.62,24.7,64.3,same_day,11,3,1.28,1548.21
25.56,3.9,73.7,express,21,1,1.18,668.2
23.6,22.1,42.8,same_day,23,6,0.54,371.44
20.65,4.9,45.6,same_day,22,1,1.34,805.25
22.59,19.5,8.8,same_day,23,6,1.07,709.59
8.62,21.1,57.9,same_day,12,0,1.06,432.26
42.27,23.6,5.3,express,23,3,1.08,890.14
38.48,22.2,22.3,normal,11,6,1.31,775.86
7.39,16.5,46.8,express,15,0,0.53,143.78
10.07,21.2,16.3,same_day,23,5,0.96,384.47
6.03,18.4,26.0,same_day,5,0,1.15,358.6
36.22,23.6,5.0,normal,11,1,0.99,545.66
38.98,9.3,74.3,normal,19,1,1.27,718.09
9.73,17.1,39.0,normal,12,2,0.73,165.14
33.48,21.4,47.6,express,15,0,1.16,870.05
19.41,18.9,47.3,same_day,14,0,0.84,504.69
30.64,13.2,25.5,express,16,5,1.2,787.41
38.22,13.6,40.1,normal,11,3,0.87,470.56
10.46,19.1,36.3,same_day,11,2,1.14,467.98
33.76,23.1,55.4,express,14,4,0.86,630.97
2.66,17.7,71.5,express,22,0,0.8,166.23
37.64,22.0,78.4,same_day,22,1,0.86,938.19
19.87,4.0,29.0,normal,2,6,0.89,290.56
1.85,11.9,24.4,express,6,2,0.84,125.74
11.95,3.0,53.7,normal,7,5,0.74,167.21
21.7,17.8,67.7,normal,7,2,0.97,358.27
8.86,4.8,22.3,normal,5,4,0.83,146.74
44.43,22.8,42.9,same_day,19,0,1.46,1625.27
19.54,17.8,31.7,express,11,0,0.58,281.97
28.34,13.6,65.3,same_day,19,4,1.14,882.28
30.09,10.5,18.3,same_day,23,4,0.64,514.84
28.39,16.9,14.6,same_day,13,1,1.15,893.72
17.95,20.3,75.7,normal,15,6,1.43,511.14
6.32,13.3,58.6,normal,19,3,0.58,105.31
15.51,18.3,61.6,express,18,3,1.35,594.99
13.87,23.8,7.0,same_day,19,6,0.79,390.47
1.2,3.2,52.4,same_day,15,0,0.81,139.46
22.62,24.8,10.7,same_day,1,1,1.24,858.34
22.39,21.7,9.1,same_day,2,3,1.36,877.48
10.49,20.6,70.3,express,2,2,1.42,495.93
30.93,21.5,40.7,normal,2,1,0.62,290.55
5.92,12.5,31.1,express,15,5,0.77,181.17
4.5,0.5,25.9,express,5,6,0.93,152.44
6.33,1.7,23.6,express,0,3,0.72,136.16
10.98,15.4,4.1,express,3,2,0.68,196.08
6.3,20.4,64.1,normal,4,4,0.76,152.5
1.1,11.5,2.9,normal,18,3,0.88,80
14.55,5.8,53.2,express,17,1,0.98,355.12
15.43,7.3,32.8,same_day,17,2,0.71,337.77
19.82,10.3,16.6,normal,9,6,1.46,460.98
36.66,7.1,72.8,express,23,3,0.53,399.96
24.45,18.2,6.3,normal,5,2,0.52,200.22
25.95,7.4,47.9,normal,5,1,1.38,573.48
14.9,4.4,27.4,express,0,0,1.13,407.5
12.09,6.3,77.6,normal,20,1,0.63,155.03
41.46,10.1,73.9,same_day,12,4,1.41,1511.36
35.04,15.6,28.7,same_day,12,2,1.3,1160.1
7.77,8.0,46.6,express,19,3,1.41,342.53
2.42,10.2,4.5,normal,19,5,0.9,90.43
43.07,10.7,14.5,normal,11,0,1.1,638.35
14.09,23.1,45.4,express,6,4,1.25,528.69
32.04,14.5,55.8,express,19,2,0.62,420.47
10.3,16.9,21.1,normal,20,5,0.78,175.9
23.65,6.8,71.6,same_day,22,0,0.68,491.92
8.35,12.5,19.9,same_day,11,1,0.7,226.31
25.18,6.4,35.7,express,11,6,0.75,404.23
13.81,23.1,59.1,express,9,6,0.72,295.38
29.87,11.1,42.7,express,9,2,1.07,698.47
5.37,8.2,29.1,express,5,2,1.0,213.66
36.0,9.4,11.4,normal,19,4,0.5,241.57
43.95,6.0,6.4,normal,22,3,0.83,495.06
2.32,6.9,29.5,express,17,5,0.58,82.8
2.67,2.0,5.2,same_day,17,1,1.44,225.3
22.64,22.9,75.7,normal,10,3,1.49,625.22
17.5,14.9,7.0,express,12,6,1.31,529.14
10.44,6.3,46.4,same_day,3,5,0.61,222.92
36.76,3.5,52.8,same_day,3,6,1.03,939.05
7.57,2.3,18.0,normal,23,2,1.0,158.51
21.59,20.5,72.5,express,21,3,0.81,438.67
33.71,7.7,59.4,express,23,4,0.54,364.24
44.18,15.0,19.6,same_day,4,3,1.49,1663.13
24.13,6.5,8.3,normal,7,0,0.65,228.37
35.21,12.9,77.3,same_day,5,3,1.4,1339.57
6.88,10.6,25.5,same_day,4,4,1.24,365.62
12.59,18.4,28.9,express,12,3,0.67,230.84
25.04,19.3,54.9,same_day,5,2,1.35,998.12
23.26,17.9,41.9,express,6,1,0.57,320.34
40.05,5.8,41.5,normal,13,3,1.34,740.25
33.71,5.9,39.5,same_day,16,0,0.67,589.43
28.41,16.1,17.0,express,21,5,0.99,587.72
11.07,25.0,22.8,same_day,13,5,0.61,278.2
2.33,1.2,63.6,same_day,22,0,0.96,193.34
35.57,11.5,43.9,express,6,4,1.36,1024.06
6.03,1.2,33.7,express,4,1,1.25,246.36
38.05,0.9,15.8,express,22,0,1.29,952.85
11.92,18.7,35.8,express,20,1,1.18,417.91
13.75,16.0,69.4,normal,18,4,1.19,321.37
23.09,6.2,1.8,express,14,5,0.73,357.07
25.83,4.2,74.3,express,15,6,0.61,351.83
9.76,7.9,47.7,same_day,11,6,1.04,387.38
19.98,10.9,11.6,normal,6,1,0.96,312.51
1.6,13.4,27.2,normal,13,4,0.71,81.08
25.41,22.4,62.4,normal,21,2,1.43,612.8
28.54,23.0,64.3,normal,22,1,0.65,303.46
9.78,6.2,56.4,normal,18,2,0.51,110.47
7.19,3.7,67.9,same_day,16,5,1.09,343.46
27.74,16.2,65.7,same_day,2,6,1.29,1056.46
36.77,8.9,6.0,express,7,4,1.37,996.23
4.98,10.7,15.8,normal,15,3,0.64,85.32
25.9,12.3,4.5,normal,23,0,1.03,400.93
25.23,2.8,4.8,same_day,23,6,1.13,759.31
39.48,7.0,47.3,same_day,0,0,1.33,1320.21
14.05,21.4,4.0,same_day,22,1,0.81,392.97
6.36,19.5,29.5,express,7,1,0.99,246.53
1.06,6.2,25.1,normal,6,2,1.41,118.31
28.79,19.8,37.8,express,8,0,1.33,827.94
15.65,20.1,16.0,express,21,2,1.24,508.38
12.15,3.1,29.1,normal,13,4,0.99,210.25
8.34,15.6,39.3,express,13,5,0.53,150.16
34.25,7.8,65.2,normal,12,6,1.41,686.72
20.66,16.8,11.0,same_day,14,4,1.39,845.38
38.49,8.0,16.4,same_day,18,0,1.01,992.42
41.78,5.2,38.6,express,23,6,0.71,565.82
11.43,1.0,67.5,express,19,1,1.12,353.57
43.34,14.8,14.8,normal,2,3,1.17,739.19
2.42,8.6,52.2,normal,3,0,1.03,123.7
27.07,5.4,13.3,normal,8,3,1.24,508.9
36.17,16.5,57.1,same_day,22,5,1.18,1208.11
41.16,12.6,32.5,express,9,0,1.18,984.88
40.75,13.6,59.1,same_day,23,1,1.42,1515.04
29.5,15.8,63.2,express,7,2,1.19,753.57
10.81,22.8,10.8,express,9,0,0.97,301.43
43.51,21.9,78.7,same_day,23,5,0.71,814.43
42.97,11.7,76.1,same_day,10,6,0.61,720.06
27.08,12.0,11.1,normal,1,2,0.8,328.33
35.62,23.2,24.9,express,6,0,0.74,574.93
44.05,17.9,76.7,same_day,2,3,1.14,1313.55
20.91,15.6,58.2,normal,0,4,1.22,437.62
44.07,2.5,48.0,normal,7,0,0.69,423.26
40.3,7.3,17.2,normal,2,1,1.39,740.97
7.11,1.7,55.8,normal,17,0,0.97,156.85
23.99,17.9,54.5,normal,14,5,1.47,600.01
39.03,2.3,8.1,same_day,1,6,0.57,551.05
28.3,24.6,55.4,same_day,1,4,0.88,762.99
16.61,0.7,65.4,normal,5,0,0.81,234.55
37.21,15.8,69.2,same_day,7,5,0.91,965.27
7.22,5.7,15.0,normal,20,1,0.81,123.95
32.28,19.3,59.6,normal,22,3,1.36,671.44
32.33,5.8,50.7,express,14,4,0.58,384.69
15.79,12.3,40.0,normal,2,5,0.77,209.37
14.9,5.8,26.8,express,6,3,0.98,335.31
11.01,11.9,7.5,same_day,19,1,0.64,244.4
14.51,17.0,28.1,express,16,6,0.88,349.11
9.27,9.3,70.0,express,2,3,1.11,322.76
32.43,0.6,67.9,normal,10,5,1.04,501.19
10.65,19.8,31.0,express,16,1,0.92,299.57
13.91,20.7,72.1,normal,14,2,1.06,323.0
6.07,16.0,3.4,same_day,8,2,1.37,395.7
28.1,4.0,36.2,normal,16,3,0.9,373.18
30.72,3.6,71.8,express,10,6,0.89,585.87
4.15,17.0,21.0,express,3,4,0.79,163.67
2.03,11.6,46.3,same_day,1,0,1.07,229.01
35.08,6.9,40.4,express,6,4,1.28,917.51
44.61,10.0,53.1,same_day,22,0,1.18,1306.46
10.34,15.5,67.8,express,12,3,0.85,288.99
39.48,10.8,62.3,normal,9,5,0.82,454.3
9.44,9.6,16.3,same_day,4,6,0.86,303.5
9.82,13.5,46.0,express,7,5,0.5,150.94
40.25,22.5,31.4,same_day,6,2,1.49,1631.07
15.78,3.4,62.0,express,17,2,0.57,215.92
18.37,10.6,34.6,same_day,7,1,0.74,427.07
26.51,23.0,12.2,same_day,15,1,1.04,817.01
31.66,23.2,70.6,express,23,2,1.3,887.52
33.21,19.5,68.2,same_day,7,5,0.72,699.29
21.53,11.1,12.1,same_day,21,4,0.88,507.15
16.25,13.5,2.9,same_day,8,6,1.3,642.78
38.47,7.3,19.3,normal,4,0,1.26,700.81
2.97,13.7,66.3,express,0,0,1.01,198.78
38.03,16.3,31.5,same_day,5,5,0.8,788.34
13.59,1.0,55.1,same_day,22,6,1.06,477.97
13.45,19.1,59.7,express,17,6,1.22,457.14
18.07,11.1,23.0,same_day,10,1,1.11,590.31
35.62,1.8,17.0,same_day,18,3,1.28,1162.31
18.46,23.2,48.0,normal,2,5,0.73,243.71
38.93,3.7,70.1,normal,0,3,1.22,658.08
5.85,16.6,4.5,express,15,6,0.91,189.24
17.14,8.5,32.0,same_day,0,6,0.92,457.55
13.59,14.7,65.9,express,3,5,0.51,204.63
15.17,16.5,22.9,normal,18,2,0.65,179.94
22.41,15.8,52.4,express,2,4,0.79,423.73
8.13,15.5,16.3,express,18,2,0.96,238.5
42.41,12.9,76.5,same_day,17,2,1.31,1483.65
10.14,19.0,41.8,express,23,0,0.62,198.83
37.13,16.4,73.8,normal,15,1,0.92,531.07
14.03,18.1,2.1,normal,6,6,1.13,287.9
5.79,7.9,22.5,normal,0,2,0.71,103.94
44.78,20.0,16.6,normal,16,6,0.57,369.15
8.29,19.7,56.9,express,13,2,1.24,372.07
26.19,4.7,3.1,same_day,11,0,0.74,519.02
29.11,3.6,75.0,normal,17,6,1.17,518.85
6.38,1.5,57.0,normal,6,0,0.77,120.99
20.57,17.5,63.4,express,21,3,1.02,535.49
27.12,0.6,44.5,express,6,4,0.53,299.88
28.13,18.0,1.7,express,14,1,1.17,708.31
15.7,20.4,40.5,same_day,19,4,0.65,353.45
38.38,22.8,54.7,normal,10,1,0.56,317.42
7.27,6.2,65.4,same_day,0,2,0.61,204.99
14.05,13.4,77.4,normal,8,5,1.25,353.04
17.98,4.5,36.6,normal,0,0,1.46,419.4
11.8,14.2,45.0,normal,12,2,0.85,206.35
37.23,2.1,41.6,express,12,1,1.3,989.84
16.19,13.6,37.0,same_day,15,0,1.0,497.4
39.5,21.0,7.3,normal,15,3,1.32,726.91
26.7,19.2,62.8,express,18,3,1.09,678.43
43.22,3.1,23.3,normal,10,5,1.42,871.37
7.17,4.9,60.4,normal,13,4,0.76,138.5
14.71,17.7,70.1,express,13,0,1.22,487.0
21.53,24.0,50.2,express,16,4,0.75,418.33
37.61,7.3,28.3,same_day,22,1,0.9,827.18
44.55,20.2,2.0,same_day,18,6,0.63,745.24
9.06,6.7,22.6,express,2,3,1.37,362.91
37.99,23.2,37.5,same_day,14,0,0.55,540.64
15.01,16.8,3.5,same_day,15,0,0.57,282.55
15.18,21.7,27.3,express,3,6,0.87,353.64
19.61,7.9,67.1,normal,9,3,0.83,272.91
29.08,14.8,68.3,express,10,0,1.07,685.83
26.55,2.0,37.0,same_day,7,4,1.48,1080.51
8.5,6.2,54.2,same_day,0,2,1.28,440.17
1.9,4.4,48.5,normal,15,4,1.37,138.43
41.5,16.5,45.6,normal,2,3,1.47,881.27
25.66,18.6,67.3,same_day,8,6,0.72,531.98
2.61,22.7,79.0,same_day,2,0,1.33,386.2
38.53,20.6,23.0,same_day,18,4,0.97,1004.67
12.17,2.9,9.4,normal,5,4,0.55,113.53
43.72,7.1,38.5,express,14,2,1.19,993.99
19.69,2.2,24.2,same_day,1,4,0.55,290.38
11.79,4.0,62.6,same_day,4,4,1.19,500.85
4.3,9.3,78.1,express,14,6,0.77,163.22
23.65,6.0,77.3,normal,20,4,0.88,341.32
17.96,6.4,34.0,express,19,0,1.32,548.96
28.66,4.2,30.7,normal,4,2,0.65,281.79
6.43,17.5,12.0,express,8,2,0.63,149.64
44.58,9.8,8.6,normal,13,0,1.5,908.53
31.9,18.9,64.5,normal,15,4,0.88,451.66
38.27,19.3,43.9,normal,15,2,1.29,762.27
37.28,22.5,53.6,express,1,3,1.07,831.62
40.47,14.1,43.8,normal,10,3,0.67,397.48
13.0,1.9,6.1,express,17,5,1.37,425.16
40.17,11.0,16.1,normal,6,1,1.33,766.56
1.12,13.1,31.9,normal,13,1,0.92,98.31
43.5,5.3,64.5,same_day,15,0,1.29,1489.09
20.11,21.1,42.7,same_day,4,5,0.7,452.42
6.79,7.0,73.3,normal,4,3,0.8,149.66
41.2,17.4,41.4,express,10,2,0.99,797.15
38.06,14.7,67.0,express,5,3,1.08,829.91
39.35,6.6,40.8,normal,3,3,0.79,418.38
42.02,14.6,58.0,express,18,3,1.01,881.74
36.7,21.4,51.2,normal,2,3,1.15,636.37
42.13,22.4,18.5,same_day,13,3,0.72,768.18
23.61,7.9,32.1,normal,2,2,1.23,457.75
12.57,22.0,32.0,express,1,0,0.94,328.79
34.37,18.1,41.7,same_day,9,5,1.1,1069.04
28.35,6.7,66.9,same_day,14,2,1.37,1082.88
21.97,17.5,63.6,same_day,4,6,0.56,388.85
19.29,10.5,79.1,same_day,10,6,0.53,312.56
44.54,7.1,25.0,normal,22,2,0.52,319.82
10.08,0.8,31.8,normal,21,5,1.32,256.04
22.35,17.0,75.1,normal,1,4,0.59,218.59
19.57,22.5,59.6,normal,3,6,1.33,498.89
11.76,3.9,14.1,normal,21,4,1.15,232.03
28.32,6.1,11.1,same_day,14,4,1.18,841.37
33.12,10.9,19.2,express,10,5,0.84,579.23
9.86,23.1,52.0,same_day,0,0,0.7,313.12
17.73,3.7,65.2,express,7,3,0.81,351.14
34.61,17.2,3.3,same_day,6,5,1.04,928.14
1.98,23.0,30.3,express,19,3,0.78,142.58
17.11,14.1,56.9,same_day,11,1,1.35,786.48
30.39,4.0,28.4,express,23,0,0.63,404.38
18.39,11.4,23.6,same_day,22,0,0.72,383.67
12.55,14.9,55.7,express,0,1,0.9,339.87
11.29,5.1,33.7,same_day,8,2,1.39,530.91
31.67,8.3,26.9,express,4,4,0.73,480.56
13.02,21.3,60.9,same_day,3,1,0.7,365.52
32.01,18.9,26.7,normal,5,6,0.66,316.48
34.42,20.1,14.9,same_day,17,5,0.76,708.96
8.39,11.6,77.0,express,7,4,1.18,358.52
40.14,2.2,52.0,same_day,10,0,1.25,1318.32
43.51,16.2,68.7,same_day,21,6,1.3,1424.85
44.26,20.3,42.5,normal,19,0,1.43,964.78
4.65,24.7,54.7,normal,9,4,1.47,268.38
24.14,1.1,9.8,express,20,0,1.33,660.95
27.64,17.0,53.8,express,17,4,0.64,415.1
15.15,14.0,43.1,normal,14,2,0.96,256.84
43.6,9.4,36.4,same_day,7,3,0.74,808.55
25.36,18.2,63.3,express,20,4,1.24,760.89
16.87,17.6,37.1,express,7,5,0.62,263.01
38.13,6.4,40.4,normal,7,1,0.62,325.77
8.1,20.2,59.6,express,17,4,1.37,402.01
12.63,12.7,53.4,same_day,5,1,1.47,661.8
10.88,9.0,19.3,normal,13,1,0.63,127.9
17.65,6.5,65.4,express,3,5,1.06,436.08
17.41,17.8,6.4,normal,11,2,1.46,427.83
15.44,20.5,36.9,express,9,4,0.51,202.76
19.04,19.7,15.6,same_day,3,5,0.95,549.36
36.38,9.1,16.8,same_day,7,2,1.44,1359.48
8.26,20.7,2.2,normal,6,4,0.66,125.2
17.16,9.9,44.4,normal,13,3,0.88,252.24
13.13,22.3,69.1,express,7,5,0.97,372.48
13.55,14.3,73.8,same_day,0,4,1.38,682.22
4.17,23.7,49.8,normal,8,3,0.74,131.94
15.4,8.7,54.9,normal,19,2,0.51,149.6
10.13,0.8,2.9,express,3,4,1.23,302.6
5.29,22.8,19.3,same_day,19,6,0.89,263.36
13.72,6.8,47.2,express,22,2,1.5,554.36
24.88,5.0,54.9,normal,15,3,1.0,403.22
25.28,7.2,53.5,normal,19,2,0.66,266.9
24.27,21.0,26.8,same_day,17,1,1.24,877.74
26.32,0.6,79.8,same_day,7,3,0.91,673.89
14.4,13.9,67.8,express,16,6,1.03,403.22
4.48,13.9,23.8,normal,11,0,1.31,194.61
13.64,4.2,41.9,normal,13,6,1.05,250.96
17.03,24.9,72.3,normal,11,1,0.67,218.41
7.14,11.4,73.2,express,6,5,1.45,398.31
23.69,21.9,63.2,same_day,16,5,1.12,794.04
4.63,0.9,10.6,normal,5,2,0.53,80
42.76,12.8,32.6,same_day,4,4,0.78,857.87
6.5,21.9,76.9,express,0,5,1.12,313.24
35.08,24.8,55.8,same_day,9,5,0.65,617.63
9.37,11.2,65.6,same_day,18,6,1.25,470.58
24.87,12.3,21.2,express,16,3,1.26,680.1
1.37,24.8,24.5,express,21,1,0.67,122.3
35.83,24.0,32.4,same_day,5,2,0.69,682.59
30.46,7.3,19.9,express,20,4,0.73,460.66
23.35,19.8,63.8,same_day,10,4,0.6,443.1
7.72,13.6,27.6,normal,21,4,1.33,246.94
32.81,14.2,39.8,same_day,1,3,1.29,1127.27
21.28,4.4,69.2,normal,16,4,1.45,525.24
42.42,20.3,67.3,normal,23,5,1.28,831.93
40.62,1.8,71.8,express,15,6,0.59,473.04
27.3,0.7,24.2,same_day,6,4,1.39,995.31
38.17,8.7,44.2,normal,12,2,1.16,604.25
10.54,3.0,45.4,express,0,4,0.82,244.37
28.95,20.0,59.4,normal,15,0,1.0,472.15
32.97,6.0,62.5,same_day,4,4,0.53,483.27
1.6,17.4,63.9,normal,9,3,0.82,113.85
36.2,24.9,63.9,same_day,18,0,1.43,1411.41
4.2,9.7,41.4,same_day,6,5,0.55,139.84
31.24,24.9,9.6,normal,9,5,1.47,728.5
14.02,21.4,41.0,express,19,4,1.39,536.59
28.27,22.4,46.7,normal,16,3,0.51,232.48
7.59,5.3,44.5,express,11,3,1.42,362.9
20.34,6.0,76.2,same_day,19,0,1.47,947.7
37.01,9.9,45.4,normal,10,4,1.04,563.05
1.95,14.0,24.9,express,0,4,1.03,162.58
10.32,9.8,79.8,express,21,1,1.21,388.64
16.66,22.2,62.5,express,8,6,1.22,542.58
30.8,12.2,36.0,express,4,4,0.97,653.22
20.62,8.0,54.8,express,0,1,1.18,552.96
7.0,15.3,77.9,same_day,5,1,1.41,521.71
32.67,16.8,78.9,express,19,4,0.69,512.56
37.1,13.7,47.9,same_day,7,1,1.43,1417.95
41.47,16.2,14.1,express,2,6,1.41,1209.21
20.43,2.8,76.2,express,13,3,0.76,373.87
43.56,15.3,53.2,normal,3,2,1.36,858.63
14.72,15.3,34.8,same_day,16,4,1.28,633.35
34.19,14.1,4.2,same_day,0,4,1.22,1063.01
33.58,18.5,78.8,normal,1,6,1.23,632.13
7.41,2.5,47.3,same_day,22,3,0.6,174.52
32.55,3.9,70.4,express,20,2,0.63,441.01
27.75,0.7,19.5,express,8,1,1.31,692.39
35.69,7.2,66.0,same_day,2,1,1.02,994.78
28.55,14.1,12.8,normal,20,4,1.0,439.32
4.05,23.4,47.2,same_day,20,4,0.53,154.88
31.39,16.4,31.1,same_day,16,2,1.01,831.62
37.21,9.2,78.9,express,8,1,1.25,1009.68
40.67,19.7,46.5,express,18,3,1.13,978.73
12.58,3.0,79.5,normal,20,3,0.78,198.88
7.02,4.2,74.5,normal,21,0,0.61,109.76
18.63,10.5,65.4,normal,20,0,1.0,328.34
37.96,7.5,29.3,express,18,3,1.09,853.8
10.04,4.4,71.4,normal,10,1,1.21,271.92
20.63,12.9,40.0,same_day,19,2,1.24,738.06
19.28,8.7,28.5,same_day,9,1,1.2,698.38
31.31,12.7,41.6,normal,13,4,1.33,611.5
30.13,0.5,47.4,express,2,5,0.8,469.65
32.36,2.6,69.0,normal,19,2,1.25,596.48
9.15,13.7,45.0,normal,11,5,0.78,166.22
30.39,17.2,33.4,express,16,6,0.83,525.13
14.67,21.7,37.1,same_day,15,2,1.02,528.72
10.13,17.4,52.5,same_day,21,2,0.72,315.33
22.07,18.1,58.7,normal,1,5,1.48,550.02
6.94,12.6,25.1,express,20,3,0.65,162.12
12.72,24.1,31.7,express,23,1,1.16,417.06
20.87,2.6,28.3,express,2,2,1.34,622.17
6.97,11.1,17.3,same_day,14,1,1.45,426.88
20.44,21.1,31.8,express,8,3,1.07,543.19
16.23,8.4,22.9,same_day,2,6,0.53,247.85
13.67,12.4,53.9,express,16,5,1.49,571.56
41.49,4.0,17.0,normal,21,0,1.48,800.78
16.76,19.8,65.8,normal,5,2,0.9,291.03
24.38,21.9,36.4,normal,23,5,0.79,310.36
10.25,8.5,77.2,express,4,1,0.94,307.25
17.09,21.9,76.4,same_day,23,0,0.63,387.24
9.84,9.0,9.8,express,13,2,1.12,295.85
35.85,13.5,47.5,express,0,0,0.91,692.38
19.72,1.4,62.6,same_day,17,5,0.76,428.85
4.71,15.8,65.5,normal,7,3,1.36,223.35
2.7,11.5,79.3,same_day,16,6,1.11,285.86
1.07,16.9,2.5,same_day,22,0,0.77,141.65
13.73,22.4,10.3,normal,4,6,1.22,314.28
36.43,5.6,4.5,normal,19,1,1.02,522.51
43.85,18.7,53.0,express,8,6,0.5,439.25
18.35,16.0,78.2,same_day,3,5,1.27,810.02
11.44,3.3,10.4,express,6,6,1.17,310.05
12.19,16.0,25.5,normal,14,3,1.16,272.95
10.11,17.0,14.8,same_day,16,3,0.61,227.11
44.83,3.1,4.4,normal,17,2,0.82,491.27
27.03,17.9,42.3,normal,1,1,0.81,363.42
26.3,7.5,76.8,express,16,6,1.46,899.09
7.9,14.7,48.2,normal,12,5,0.53,102.12
29.06,23.1,44.7,same_day,14,4,0.78,627.53
1.27,6.1,19.8,normal,5,2,0.64,80
39.43,18.6,65.5,normal,7,4,1.31,771.45
42.3,19.9,15.0,normal,7,2,1.21,703.23
10.49,3.4,43.6,express,6,3,1.45,396.28
10.71,3.9,57.6,express,1,5,1.13,341.62
15.55,12.5,15.5,normal,14,1,0.99,269.36
17.13,2.5,13.7,express,10,0,1.05,374.08
9.33,18.5,68.4,normal,17,6,1.41,332.96
35.92,15.3,8.6,express,20,2,1.39,1015.12
35.47,3.9,19.8,normal,7,2,1.34,645.82
31.67,19.5,43.7,express,4,6,0.98,695.56
9.39,9.9,54.5,same_day,4,0,0.66,238.59
12.91,12.4,52.3,express,0,6,1.26,450.6
33.87,8.6,50.5,express,14,6,0.89,600.54
1.83,16.5,72.7,same_day,22,5,0.92,229.66
35.82,12.1,57.5,express,22,5,0.94,686.22
17.24,18.1,4.0,express,11,2,0.65,270.67
15.19,17.4,48.5,express,11,3,1.35,561.28
35.67,4.0,1.8,express,3,3,0.79,541.12
5.13,23.5,2.1,express,20,1,1.25,290.06
34.73,12.9,64.1,normal,6,4,0.94,468.84
27.35,24.9,43.2,normal,14,5,0.97,431.88
30.18,5.6,73.5,express,7,2,1.34,828.54
7.78,12.3,8.3,same_day,17,6,1.01,325.24
34.11,2.5,29.9,same_day,21,5,0.51,426.93
33.48,4.3,44.3,same_day,15,5,1.45,1311.92
